Date,Product,Units Sold,Sales,Profit
2022-01-01,Headphones,9,3327,823
2022-01-02,Tablet,25,2699,952
2022-01-03,Laptop,27,7045,1220
2022-01-04,Phone,47,2658,2433
2022-01-05,Tablet,82,7106,2614
2022-01-06,Phone,22,9735,712
2022-01-07,Laptop,40,3758,2611
2022-01-08,Headphones,28,4282,2373
2022-01-09,Headphones,58,2515,2820
2022-01-10,Laptop,99,7925,904
2022-01-11,Tablet,41,3946,1835
2022-01-12,Phone,47,3818,1085
2022-01-13,Laptop,6,7994,595
2022-01-14,Tablet,63,3883,2791
2022-01-15,Headphones,15,8873,2388
2022-01-16,Tablet,90,7701,1309
2022-01-17,Headphones,60,1478,2571
2022-01-18,Phone,82,2611,2529
2022-01-19,Laptop,76,8783,1405
2022-01-20,Tablet,79,8168,466
2022-01-21,Phone,74,9726,2216
2022-01-22,Tablet,56,4179,1447
2022-01-23,Tablet,1,1287,1841
2022-01-24,Phone,15,9154,536
2022-01-25,Tablet,30,8328,2423
2022-01-26,Phone,56,8967,251
2022-01-27,Laptop,21,3204,1991
2022-01-28,Tablet,76,1676,1273
2022-01-29,Headphones,12,2895,299
2022-01-30,Tablet,81,9401,401
2022-01-31,Phone,68,1338,2535
2022-02-01,Laptop,45,3084,2820
2022-02-02,Tablet,7,3746,2250
2022-02-03,Headphones,70,7913,1381
2022-02-04,Laptop,2,6027,1631
2022-02-05,Phone,77,8690,1440
2022-02-06,Tablet,81,7793,975
2022-02-07,Laptop,57,4323,1474
2022-02-08,Laptop,71,3772,1273
2022-02-09,Tablet,63,2669,2465
2022-02-10,Phone,55,2675,2088
2022-02-11,Phone,52,1268,214
2022-02-12,Headphones,75,1547,2882
2022-02-13,Tablet,3,3938,2049
2022-02-14,Headphones,5,9297,1082
2022-02-15,Phone,51,6639,939
2022-02-16,Phone,73,8048,966
2022-02-17,Headphones,46,8761,1270
2022-02-18,Headphones,28,2213,747
2022-02-19,Laptop,99,2000,2958
2022-02-20,Tablet,56,6242,2668
2022-02-21,Headphones,27,6343,2176
2022-02-22,Phone,45,9627,1489
2022-02-23,Phone,9,9496,2764
2022-02-24,Laptop,54,4543,534
2022-02-25,Laptop,4,7240,821
2022-02-26,Phone,95,8666,1478
2022-02-27,Tablet,20,7974,745
2022-02-28,Laptop,35,8212,2460
2022-03-01,Phone,15,6121,2913
2022-03-02,Tablet,4,5054,854
2022-03-03,Headphones,15,7034,2105
2022-03-04,Phone,39,2019,2301
2022-03-05,Phone,88,6557,2618
2022-03-06,Laptop,15,5960,804
2022-03-07,Headphones,50,7041,2052
2022-03-08,Laptop,34,4314,2673
2022-03-09,Headphones,94,7975,2709
2022-03-10,Laptop,68,1969,1793
2022-03-11,Tablet,89,8821,1567
2022-03-12,Phone,21,9242,2467
2022-03-13,Headphones,61,5112,2362
2022-03-14,Phone,62,8474,1603
2022-03-15,Phone,28,7716,1020
2022-03-16,Headphones,70,5951,1612
2022-03-17,Headphones,70,4571,2595
2022-03-18,Laptop,7,5185,2192
2022-03-19,Phone,1,4957,625
2022-03-20,Tablet,75,5468,2829
2022-03-21,Laptop,75,1519,2850
2022-03-22,Headphones,34,1248,2304
2022-03-23,Tablet,19,2150,1609
2022-03-24,Phone,29,6290,2469
2022-03-25,Tablet,23,5258,736
2022-03-26,Headphones,50,1027,202
2022-03-27,Phone,74,1141,2606
2022-03-28,Laptop,86,8986,995
2022-03-29,Headphones,15,6508,1213
2022-03-30,Headphones,97,1393,1018
2022-03-31,Headphones,43,8127,424
2022-04-01,Phone,97,8174,901
2022-04-02,Headphones,81,9710,999
2022-04-03,Laptop,42,6034,236
2022-04-04,Laptop,79,5915,1080
2022-04-05,Laptop,91,7677,1030
2022-04-06,Phone,43,9168,2958
2022-04-07,Tablet,46,6030,1768
2022-04-08,Laptop,16,1598,2514
2022-04-09,Headphones,83,5583,2346
2022-04-10,Headphones,88,4662,1430
2022-04-11,Phone,34,4243,1322
2022-04-12,Headphones,55,8057,1103
2022-04-13,Phone,6,3133,1782
2022-04-14,Headphones,43,3092,2550
2022-04-15,Phone,59,7381,2936
2022-04-16,Laptop,75,2943,2877
2022-04-17,Headphones,91,4161,502
2022-04-18,Laptop,61,3506,1911
2022-04-19,Headphones,32,6526,1913
2022-04-20,Headphones,81,6023,2255
2022-04-21,Phone,5,3201,710
2022-04-22,Phone,15,3285,2826
2022-04-23,Headphones,52,9719,1849
2022-04-24,Laptop,98,7259,1930
2022-04-25,Phone,57,2614,227
2022-04-26,Headphones,70,9587,2030
2022-04-27,Tablet,7,6349,906
2022-04-28,Laptop,82,9287,1629
2022-04-29,Laptop,22,6278,2254
2022-04-30,Tablet,37,1532,1000
2022-05-01,Laptop,8,1312,2384
2022-05-02,Laptop,80,9860,2604
2022-05-03,Headphones,59,2820,503
2022-05-04,Headphones,23,7020,2944
2022-05-05,Tablet,28,6749,997
2022-05-06,Laptop,84,5227,2351
2022-05-07,Laptop,66,7831,1649
2022-05-08,Phone,28,1246,463
2022-05-09,Laptop,63,8831,1598
2022-05-10,Phone,8,4657,811
2022-05-11,Headphones,80,4647,302
2022-05-12,Tablet,76,8592,241
2022-05-13,Phone,47,9986,396
2022-05-14,Laptop,55,9444,485
2022-05-15,Phone,15,7083,975
2022-05-16,Phone,41,1837,1118
2022-05-17,Headphones,84,7837,1172
2022-05-18,Laptop,62,3464,2980
2022-05-19,Tablet,80,3199,573
2022-05-20,Tablet,73,1405,1378
2022-05-21,Tablet,52,8234,480
2022-05-22,Headphones,11,5532,2902
2022-05-23,Tablet,99,9958,2641
2022-05-24,Laptop,38,1902,2137
2022-05-25,Tablet,40,8795,2156
2022-05-26,Headphones,51,1940,2594
2022-05-27,Laptop,27,8473,941
2022-05-28,Laptop,69,6938,1217
2022-05-29,Laptop,22,7484,551
2022-05-30,Headphones,55,1415,1889
2022-05-31,Laptop,99,7068,2699
2022-06-01,Tablet,42,9866,2475
2022-06-02,Phone,39,9500,1133
2022-06-03,Tablet,55,2665,2492
2022-06-04,Laptop,92,2858,1758
2022-06-05,Headphones,1,6451,1011
2022-06-06,Phone,83,7541,1302
2022-06-07,Tablet,86,9554,1149
2022-06-08,Headphones,94,6459,2827
2022-06-09,Headphones,12,3161,757
2022-06-10,Phone,6,3723,522
2022-06-11,Tablet,48,6929,1463
2022-06-12,Tablet,44,3321,2439
2022-06-13,Tablet,24,7377,1512
2022-06-14,Headphones,45,8941,2223
2022-06-15,Headphones,98,9281,2932
2022-06-16,Headphones,28,7955,1212
2022-06-17,Laptop,99,8773,1844
2022-06-18,Laptop,89,7577,485
2022-06-19,Headphones,73,1791,1466
2022-06-20,Tablet,77,1775,1628
2022-06-21,Tablet,54,2444,2348
2022-06-22,Phone,24,6279,2171
2022-06-23,Tablet,77,4066,1839
2022-06-24,Headphones,48,9270,900
2022-06-25,Tablet,22,7440,836
2022-06-26,Tablet,24,5669,2576
2022-06-27,Headphones,18,3574,1743
2022-06-28,Phone,87,5403,2635
2022-06-29,Phone,51,8581,655
2022-06-30,Headphones,3,7889,247
2022-07-01,Tablet,53,6016,676
2022-07-02,Phone,98,4013,2888
2022-07-03,Laptop,93,3455,537
2022-07-04,Laptop,74,9608,1470
2022-07-05,Laptop,34,3064,2101
2022-07-06,Phone,2,6951,2841
2022-07-07,Phone,61,4211,2298
2022-07-08,Headphones,26,4987,555
2022-07-09,Laptop,22,3362,2112
2022-07-10,Phone,81,9973,603
2022-07-11,Phone,80,5831,1229
2022-07-12,Tablet,33,5409,2158
2022-07-13,Phone,86,4933,2961
2022-07-14,Headphones,5,7714,2827
2022-07-15,Phone,56,9820,699
2022-07-16,Tablet,83,9469,1269
2022-07-17,Tablet,43,8746,828
2022-07-18,Laptop,53,5418,2155
2022-07-19,Tablet,2,6772,1486
2022-07-20,Tablet,9,4014,2694
2022-07-21,Phone,29,8753,1041
2022-07-22,Headphones,87,1028,359
2022-07-23,Laptop,60,8933,2716
2022-07-24,Tablet,12,1497,2820
2022-07-25,Tablet,48,8590,1958
2022-07-26,Laptop,14,5107,2308
2022-07-27,Laptop,67,5001,1541
2022-07-28,Headphones,35,7901,2435
2022-07-29,Tablet,62,6576,1228
2022-07-30,Phone,74,4725,2197
2022-07-31,Laptop,84,2149,1579
2022-08-01,Headphones,62,6669,1556
2022-08-02,Tablet,16,2297,800
2022-08-03,Phone,49,1436,1154
2022-08-04,Headphones,78,6090,1416
2022-08-05,Phone,45,2890,688
2022-08-06,Headphones,54,5985,906
2022-08-07,Headphones,35,3880,2538
2022-08-08,Laptop,36,7688,2903
2022-08-09,Headphones,12,2467,1195
2022-08-10,Laptop,53,9425,1248
2022-08-11,Phone,95,6624,385
2022-08-12,Tablet,5,8685,2621
2022-08-13,Headphones,15,5534,1588
2022-08-14,Headphones,29,1938,926
2022-08-15,Phone,57,4033,462
2022-08-16,Headphones,77,2680,407
2022-08-17,Phone,17,5886,2590
2022-08-18,Phone,79,7397,1460
2022-08-19,Tablet,74,5017,1572
2022-08-20,Headphones,14,7598,1288
2022-08-21,Phone,18,5410,2961
2022-08-22,Phone,80,1567,1837
2022-08-23,Tablet,85,4447,588
2022-08-24,Tablet,23,5432,2390
2022-08-25,Phone,80,3985,355
2022-08-26,Headphones,36,3339,1045
2022-08-27,Laptop,99,4312,2077
2022-08-28,Tablet,45,7208,2831
2022-08-29,Headphones,94,8954,1319
2022-08-30,Laptop,5,5535,361
2022-08-31,Headphones,22,3665,1201
2022-09-01,Headphones,39,2737,1981
2022-09-02,Laptop,48,5201,881
2022-09-03,Headphones,64,4162,1912
2022-09-04,Laptop,88,7960,1180
2022-09-05,Tablet,39,9323,1541
2022-09-06,Laptop,84,4100,2686
2022-09-07,Headphones,82,1953,1423
2022-09-08,Phone,48,7746,980
2022-09-09,Headphones,7,8030,2501
2022-09-10,Headphones,13,2241,809
2022-09-11,Phone,13,9390,1503
2022-09-12,Tablet,38,3236,2701
2022-09-13,Phone,93,7354,2132
2022-09-14,Headphones,25,1115,1564
2022-09-15,Phone,23,8804,650
2022-09-16,Headphones,11,4532,319
2022-09-17,Laptop,54,7999,1593
2022-09-18,Tablet,15,3174,2912
2022-09-19,Headphones,98,6369,1325
2022-09-20,Laptop,63,3770,2137
2022-09-21,Headphones,26,6353,2528
2022-09-22,Phone,82,2163,359
2022-09-23,Phone,53,1788,1305
2022-09-24,Tablet,30,1679,1427
2022-09-25,Tablet,5,1994,1426
2022-09-26,Tablet,80,4102,693
2022-09-27,Laptop,7,7068,1994
2022-09-28,Laptop,98,6219,309
2022-09-29,Phone,47,2644,2862
2022-09-30,Laptop,34,3164,2931
2022-10-01,Tablet,16,9075,1273
2022-10-02,Phone,26,3784,1556
2022-10-03,Tablet,36,5585,1884
2022-10-04,Headphones,7,8619,828
2022-10-05,Headphones,52,4966,1888
2022-10-06,Laptop,44,8716,1522
2022-10-07,Phone,81,6337,984
2022-10-08,Laptop,82,8447,2930
2022-10-09,Tablet,55,3461,581
2022-10-10,Phone,72,2869,707
2022-10-11,Headphones,18,9429,2940
2022-10-12,Tablet,32,4209,1865
2022-10-13,Phone,3,4184,1217
2022-10-14,Tablet,84,9177,376
2022-10-15,Tablet,51,9576,546
2022-10-16,Laptop,96,6969,2928
2022-10-17,Tablet,70,4326,672
2022-10-18,Tablet,93,4657,269
2022-10-19,Laptop,85,6793,1253
2022-10-20,Headphones,63,9319,1623
2022-10-21,Phone,94,9109,1389
2022-10-22,Laptop,71,4425,393
2022-10-23,Phone,19,3776,1461
2022-10-24,Phone,28,9901,1047
2022-10-25,Phone,9,6452,2778
2022-10-26,Tablet,2,8367,443
2022-10-27,Headphones,61,3119,280
2022-10-28,Laptop,51,9432,1345
2022-10-29,Phone,56,9832,307
2022-10-30,Phone,52,8045,746
2022-10-31,Phone,49,7977,1849
2022-11-01,Phone,22,4633,1838
2022-11-02,Headphones,13,7895,341
2022-11-03,Laptop,55,4285,2087
2022-11-04,Tablet,2,6362,398
2022-11-05,Laptop,28,5408,2256
2022-11-06,Headphones,84,3954,2387
2022-11-07,Tablet,90,5563,966
2022-11-08,Laptop,60,6301,1546
2022-11-09,Phone,43,8363,624
2022-11-10,Laptop,56,3857,1140
2022-11-11,Laptop,37,5734,1158
2022-11-12,Headphones,45,6028,805
2022-11-13,Laptop,74,5925,2797
2022-11-14,Headphones,56,3067,481
2022-11-15,Laptop,3,6499,2518
2022-11-16,Tablet,69,3084,2199
2022-11-17,Headphones,69,5053,2904
2022-11-18,Tablet,18,4476,612
2022-11-19,Laptop,88,2449,776
2022-11-20,Laptop,44,1070,629
2022-11-21,Laptop,95,6490,2177
2022-11-22,Phone,89,5173,1832
2022-11-23,Headphones,79,5052,303
2022-11-24,Laptop,13,5538,2520
2022-11-25,Tablet,23,6456,1233
2022-11-26,Laptop,17,5215,1496
2022-11-27,Headphones,28,1672,2825
2022-11-28,Laptop,50,2596,2324
2022-11-29,Laptop,69,7111,1230
2022-11-30,Phone,45,2510,548
2022-12-01,Tablet,84,8611,2997
2022-12-02,Laptop,74,5136,845
2022-12-03,Tablet,6,4563,230
2022-12-04,Tablet,74,9273,1412
2022-12-05,Headphones,99,3162,430
2022-12-06,Phone,99,6064,2575
2022-12-07,Phone,26,4948,609
2022-12-08,Tablet,61,9569,1382
2022-12-09,Phone,85,8865,522
2022-12-10,Headphones,5,8942,2646
2022-12-11,Tablet,37,3178,1820
2022-12-12,Phone,72,9350,466
2022-12-13,Laptop,66,7201,2779
2022-12-14,Headphones,36,8690,922
2022-12-15,Headphones,97,1627,1541
2022-12-16,Laptop,70,8318,2288
2022-12-17,Headphones,75,2626,2029
2022-12-18,Phone,33,8781,1103
2022-12-19,Laptop,40,1889,2263
2022-12-20,Tablet,44,5125,701
2022-12-21,Tablet,19,9792,2505
2022-12-22,Headphones,83,4862,765
2022-12-23,Laptop,72,2082,2970
2022-12-24,Phone,2,7959,1577
2022-12-25,Tablet,68,8091,1617
2022-12-26,Laptop,81,5919,2769
2022-12-27,Phone,68,7714,2880
2022-12-28,Headphones,17,3315,1893
2022-12-29,Laptop,38,1561,2803
2022-12-30,Tablet,22,1086,2205
2022-12-31,Tablet,88,2925,1451
2023-01-01,Tablet,59,8118,1641
2023-01-02,Laptop,34,4144,356
2023-01-03,Laptop,5,8200,1749
2023-01-04,Headphones,33,5668,1680
2023-01-05,Headphones,81,9144,2629
2023-01-06,Laptop,80,8342,1968
2023-01-07,Tablet,68,5283,390
2023-01-08,Headphones,34,8510,641
2023-01-09,Tablet,7,4526,1739
2023-01-10,Headphones,65,3668,2110
2023-01-11,Tablet,92,2434,2989
2023-01-12,Laptop,61,9811,1568
2023-01-13,Tablet,38,9441,390
2023-01-14,Phone,60,2480,838
2023-01-15,Phone,76,6678,475
2023-01-16,Headphones,11,1389,1665
2023-01-17,Phone,99,3085,2219
2023-01-18,Phone,4,2886,2592
2023-01-19,Tablet,18,6031,1538
2023-01-20,Laptop,61,9638,407
2023-01-21,Phone,36,2129,2500
2023-01-22,Phone,67,9475,205
2023-01-23,Tablet,33,7727,2427
2023-01-24,Tablet,20,5469,1334
2023-01-25,Tablet,39,2170,1064
2023-01-26,Headphones,46,6416,635
2023-01-27,Phone,77,9868,427
2023-01-28,Tablet,72,8512,2950
2023-01-29,Headphones,99,2517,1149
2023-01-30,Laptop,94,9422,291
2023-01-31,Laptop,88,9799,2374
2023-02-01,Phone,5,4950,1673
2023-02-02,Tablet,20,8050,762
2023-02-03,Headphones,6,4720,2781
2023-02-04,Tablet,34,1173,581
2023-02-05,Headphones,70,5599,2970
2023-02-06,Laptop,10,2525,1704
2023-02-07,Headphones,82,8412,518
2023-02-08,Headphones,28,7551,523
2023-02-09,Headphones,24,3506,755
2023-02-10,Phone,87,2522,422
2023-02-11,Phone,28,2742,934
2023-02-12,Phone,77,5576,736
2023-02-13,Tablet,99,4425,1534
2023-02-14,Laptop,16,9111,1995
2023-02-15,Tablet,16,6232,1176
2023-02-16,Tablet,62,1463,2884
2023-02-17,Laptop,80,6223,2736
2023-02-18,Laptop,7,2621,2924
2023-02-19,Headphones,73,7666,2340
2023-02-20,Phone,43,2848,1247
2023-02-21,Laptop,59,5371,2438
2023-02-22,Laptop,19,9129,1359
2023-02-23,Headphones,28,8168,1015
2023-02-24,Headphones,58,5056,360
2023-02-25,Laptop,80,7872,338
2023-02-26,Headphones,21,6711,1356
2023-02-27,Laptop,38,6841,1467
2023-02-28,Tablet,18,9786,2023
2023-03-01,Phone,26,8991,694
2023-03-02,Laptop,23,2705,2032
2023-03-03,Laptop,11,6275,970
2023-03-04,Tablet,43,4350,1370
2023-03-05,Laptop,19,8372,2830
2023-03-06,Tablet,87,4266,869
2023-03-07,Laptop,20,1981,853
2023-03-08,Phone,83,7645,2189
2023-03-09,Tablet,96,1136,816
2023-03-10,Phone,24,7208,2500
2023-03-11,Phone,16,9107,842
2023-03-12,Phone,95,5945,593
2023-03-13,Laptop,32,4338,1185
2023-03-14,Phone,65,6789,2437
2023-03-15,Phone,50,1376,2921
2023-03-16,Phone,2,9429,374
2023-03-17,Laptop,38,9554,2495
2023-03-18,Headphones,12,1492,1798
2023-03-19,Phone,63,9366,588
2023-03-20,Headphones,80,3526,2805
2023-03-21,Headphones,21,3769,1166
2023-03-22,Laptop,70,1692,1041
2023-03-23,Phone,88,9492,1836
2023-03-24,Laptop,17,3250,2759
2023-03-25,Laptop,41,8023,1107
2023-03-26,Headphones,85,9673,266
2023-03-27,Headphones,61,8058,804
2023-03-28,Headphones,53,3833,2148
2023-03-29,Laptop,14,6532,1343
2023-03-30,Headphones,55,8780,1476
2023-03-31,Headphones,32,9404,295
2023-04-01,Laptop,22,2884,1629
2023-04-02,Tablet,63,6104,2579
2023-04-03,Phone,92,6986,1132
2023-04-04,Phone,32,5175,1376
2023-04-05,Phone,65,5189,1623
2023-04-06,Tablet,97,3686,1936
2023-04-07,Headphones,91,9664,1441
2023-04-08,Headphones,9,4485,1806
2023-04-09,Phone,30,6584,2272
2023-04-10,Headphones,72,1594,893
2023-04-11,Tablet,16,2645,2925
2023-04-12,Phone,58,6128,1481
2023-04-13,Headphones,7,7881,942
2023-04-14,Laptop,39,4574,1915
2023-04-15,Phone,23,3530,2890
2023-04-16,Headphones,50,2189,429
2023-04-17,Tablet,6,4665,777
2023-04-18,Tablet,58,6014,646
2023-04-19,Headphones,31,6552,1455
2023-04-20,Tablet,28,1519,2809
2023-04-21,Phone,24,8472,762
2023-04-22,Tablet,13,4418,2173
2023-04-23,Phone,7,4923,2318
2023-04-24,Phone,35,5431,530
2023-04-25,Tablet,3,4022,1592
2023-04-26,Tablet,85,6634,463
2023-04-27,Phone,64,7919,1433
2023-04-28,Laptop,35,4882,1047
2023-04-29,Phone,84,9752,2189
2023-04-30,Laptop,70,3438,1925
2023-05-01,Headphones,72,6496,1896
2023-05-02,Tablet,67,6588,937
2023-05-03,Phone,28,9488,2971
2023-05-04,Headphones,91,6828,627
2023-05-05,Tablet,81,8457,2100
2023-05-06,Phone,82,2919,1216
2023-05-07,Headphones,73,2779,2482
2023-05-08,Phone,21,6321,2089
2023-05-09,Laptop,33,5410,2634
2023-05-10,Laptop,93,5861,1006
2023-05-11,Headphones,56,5988,1699
2023-05-12,Tablet,76,4541,851
2023-05-13,Headphones,36,3026,230
2023-05-14,Tablet,37,4714,1654
2023-05-15,Laptop,47,2251,638
2023-05-16,Laptop,87,3261,378
2023-05-17,Headphones,39,4846,2611
2023-05-18,Laptop,52,5940,1517
2023-05-19,Tablet,73,2558,347
2023-05-20,Headphones,75,1365,2862
2023-05-21,Laptop,57,6290,649
2023-05-22,Laptop,27,9825,2594
2023-05-23,Laptop,61,1030,2595
2023-05-24,Phone,73,9395,1528
2023-05-25,Phone,61,2088,2279
2023-05-26,Headphones,15,1597,586
2023-05-27,Tablet,22,3290,2827
2023-05-28,Headphones,19,7301,2719
2023-05-29,Headphones,45,1174,562
2023-05-30,Laptop,40,6734,2327
2023-05-31,Tablet,68,5902,682
2023-06-01,Tablet,20,7737,1547
2023-06-02,Phone,82,9419,1285
2023-06-03,Tablet,62,6567,1457
2023-06-04,Tablet,5,3632,1840
2023-06-05,Laptop,5,6317,403
2023-06-06,Headphones,42,5696,2306
2023-06-07,Phone,39,5387,283
2023-06-08,Tablet,22,5532,773
2023-06-09,Headphones,17,3312,1061
2023-06-10,Tablet,89,3723,2580
2023-06-11,Tablet,53,1712,1186
2023-06-12,Phone,42,8789,1712
2023-06-13,Phone,33,3063,293
2023-06-14,Laptop,83,6722,266
2023-06-15,Phone,62,3436,599
2023-06-16,Laptop,93,5633,1896
2023-06-17,Tablet,44,3079,2631
2023-06-18,Tablet,6,1118,2865
2023-06-19,Phone,39,8509,1090
2023-06-20,Headphones,6,5433,2096
2023-06-21,Phone,84,2468,589
2023-06-22,Phone,57,8478,2168
2023-06-23,Phone,23,5509,856
2023-06-24,Phone,40,1649,2146
2023-06-25,Tablet,45,5541,2755
2023-06-26,Phone,99,7904,2847
2023-06-27,Phone,6,5828,781
2023-06-28,Laptop,99,9953,1950
2023-06-29,Phone,90,3968,1578
2023-06-30,Laptop,81,5403,2901
2023-07-01,Headphones,65,5806,1479
2023-07-02,Phone,86,9217,1441
2023-07-03,Laptop,29,8525,2940
2023-07-04,Tablet,27,5440,2818
2023-07-05,Tablet,55,3467,2524
2023-07-06,Tablet,27,2736,2880
2023-07-07,Tablet,95,5419,2525
2023-07-08,Laptop,32,2895,583
2023-07-09,Headphones,96,9724,2715
2023-07-10,Phone,51,1845,2647
2023-07-11,Tablet,16,8295,2217
2023-07-12,Phone,57,3276,808
2023-07-13,Laptop,85,8289,982
2023-07-14,Tablet,31,9849,2100
2023-07-15,Phone,39,1889,2000
2023-07-16,Tablet,44,8720,679
2023-07-17,Headphones,1,5554,1750
2023-07-18,Headphones,87,8804,672
2023-07-19,Headphones,89,3782,2125
2023-07-20,Tablet,80,4041,2822
2023-07-21,Headphones,23,8237,358
2023-07-22,Headphones,61,4953,718
2023-07-23,Headphones,90,5653,515
2023-07-24,Headphones,29,9427,1165
2023-07-25,Tablet,5,9621,2400
2023-07-26,Headphones,29,7947,2020
2023-07-27,Phone,45,8933,2616
2023-07-28,Phone,76,5663,1568
2023-07-29,Laptop,85,5799,208
2023-07-30,Laptop,34,8075,580
2023-07-31,Laptop,18,3577,2844
2023-08-01,Phone,40,1208,918
2023-08-02,Headphones,79,5665,425
2023-08-03,Laptop,84,2519,2040
2023-08-04,Laptop,17,7491,594
2023-08-05,Phone,47,6707,1841
2023-08-06,Tablet,86,8733,294
2023-08-07,Phone,16,5552,2348
2023-08-08,Headphones,9,9392,1019
2023-08-09,Headphones,66,8594,2643
2023-08-10,Tablet,49,6176,1126
2023-08-11,Headphones,33,9417,2328
2023-08-12,Tablet,82,7124,1135
2023-08-13,Tablet,47,5547,1398
2023-08-14,Phone,7,3366,2627
2023-08-15,Phone,91,4390,391
2023-08-16,Laptop,77,3256,442
2023-08-17,Headphones,79,6588,500
2023-08-18,Tablet,97,2627,1466
2023-08-19,Phone,13,6808,2836
2023-08-20,Headphones,53,5887,2564
2023-08-21,Laptop,36,9596,2536
2023-08-22,Tablet,41,5040,2614
2023-08-23,Tablet,14,6584,1868
2023-08-24,Phone,29,8390,2301
2023-08-25,Phone,71,2057,1311
2023-08-26,Headphones,37,9437,1638
2023-08-27,Laptop,53,9621,252
2023-08-28,Phone,42,7162,2215
2023-08-29,Headphones,62,3700,1884
2023-08-30,Phone,3,8478,2874
2023-08-31,Headphones,78,5029,2876
2023-09-01,Phone,34,1338,883
2023-09-02,Laptop,60,9117,1014
2023-09-03,Phone,86,1774,212
2023-09-04,Phone,62,4090,753
2023-09-05,Headphones,25,5295,2005
2023-09-06,Phone,57,5239,2331
2023-09-07,Laptop,42,1936,800
2023-09-08,Laptop,59,4693,2390
2023-09-09,Headphones,24,2940,1676
2023-09-10,Phone,7,6580,2723
2023-09-11,Laptop,35,8266,1364
2023-09-12,Tablet,26,3172,609
2023-09-13,Tablet,47,4807,1335
2023-09-14,Phone,81,4093,1265
2023-09-15,Tablet,22,5083,368
2023-09-16,Tablet,25,6825,1506
2023-09-17,Phone,21,7528,2646
2023-09-18,Phone,19,1328,2973
2023-09-19,Headphones,5,7292,2687
2023-09-20,Laptop,13,5895,1430
2023-09-21,Headphones,17,2706,316
2023-09-22,Laptop,76,2640,863
2023-09-23,Headphones,38,8224,571
2023-09-24,Tablet,71,8225,2476
2023-09-25,Phone,95,3949,1939
2023-09-26,Tablet,72,2019,723
2023-09-27,Headphones,23,9999,2599
2023-09-28,Headphones,13,8083,235
2023-09-29,Tablet,18,4530,1424
2023-09-30,Phone,54,2618,2816
2023-10-01,Phone,70,9407,2474
2023-10-02,Tablet,94,3703,441
2023-10-03,Laptop,5,8109,1169
2023-10-04,Laptop,83,9157,1362
2023-10-05,Headphones,96,1436,1615
2023-10-06,Tablet,28,2353,1762
2023-10-07,Headphones,58,1106,2382
2023-10-08,Tablet,98,1564,2796
2023-10-09,Laptop,42,3225,663
2023-10-10,Headphones,72,8804,447
2023-10-11,Laptop,74,5436,2848
2023-10-12,Phone,74,8174,2816
2023-10-13,Tablet,52,8053,424
2023-10-14,Headphones,76,7072,1329
2023-10-15,Phone,44,7841,2425
2023-10-16,Phone,76,1462,2559
2023-10-17,Phone,33,1158,2474
2023-10-18,Phone,23,7436,1539
2023-10-19,Headphones,25,7204,2297
2023-10-20,Tablet,69,9917,2366
2023-10-21,Tablet,90,4873,708
2023-10-22,Tablet,77,6484,2274
2023-10-23,Headphones,89,8456,876
2023-10-24,Tablet,12,4324,395
2023-10-25,Phone,15,3641,1730
2023-10-26,Headphones,49,4480,928
2023-10-27,Headphones,21,3723,1525
2023-10-28,Laptop,29,5098,1864
2023-10-29,Laptop,99,4014,1791
2023-10-30,Phone,65,7238,295
2023-10-31,Laptop,22,6302,1803
2023-11-01,Tablet,43,1228,2247
2023-11-02,Laptop,8,6344,1742
2023-11-03,Headphones,76,9634,1901
2023-11-04,Laptop,8,7088,2907
2023-11-05,Laptop,91,6320,2266
2023-11-06,Laptop,55,9322,922
2023-11-07,Laptop,90,6370,908
2023-11-08,Headphones,35,2179,2244
2023-11-09,Headphones,1,2100,884
2023-11-10,Tablet,65,4961,1107
2023-11-11,Laptop,58,1440,225
2023-11-12,Laptop,66,9662,1148
2023-11-13,Headphones,60,5083,1195
2023-11-14,Tablet,54,5743,1254
2023-11-15,Phone,20,3157,1290
2023-11-16,Phone,9,4888,2088
2023-11-17,Headphones,38,1467,1523
2023-11-18,Laptop,65,6902,2626
2023-11-19,Tablet,85,2682,2106
2023-11-20,Laptop,50,7784,2303
2023-11-21,Tablet,71,7085,2482
2023-11-22,Headphones,45,4928,370
2023-11-23,Laptop,42,4478,1686
2023-11-24,Headphones,99,9402,2396
2023-11-25,Tablet,58,1567,487
2023-11-26,Phone,72,7344,1802
2023-11-27,Headphones,5,6598,1281
2023-11-28,Phone,71,4537,1190
2023-11-29,Headphones,64,1496,2775
2023-11-30,Tablet,17,6305,1713
2023-12-01,Laptop,79,9793,2480
2023-12-02,Tablet,48,4375,362
2023-12-03,Phone,23,9180,2745
2023-12-04,Phone,52,5999,229
2023-12-05,Tablet,22,2662,603
2023-12-06,Phone,2,6152,453
2023-12-07,Headphones,26,3998,2952
2023-12-08,Phone,59,5688,1245
2023-12-09,Headphones,11,5092,1707
2023-12-10,Tablet,55,6517,2172
2023-12-11,Tablet,62,5082,2079
2023-12-12,Tablet,80,2560,1579
2023-12-13,Phone,91,6231,1355
2023-12-14,Laptop,96,2746,1173
2023-12-15,Headphones,95,4903,661
2023-12-16,Headphones,37,3082,1265
2023-12-17,Laptop,26,3409,451
2023-12-18,Laptop,87,8591,1208
2023-12-19,Laptop,85,8049,1063
2023-12-20,Tablet,28,6553,1940
2023-12-21,Phone,89,4867,2982
2023-12-22,Tablet,69,7394,2189
2023-12-23,Laptop,45,2511,2721
2023-12-24,Tablet,99,3757,289
2023-12-25,Laptop,93,2458,736
2023-12-26,Tablet,97,7396,2925
2023-12-27,Laptop,82,7627,1409
2023-12-28,Laptop,76,8019,2209
2023-12-29,Headphones,35,1380,1648
2023-12-30,Phone,57,5784,1910
2023-12-31,Laptop,1,1830,2569
2024-01-01,Tablet,12,3933,859
2024-01-02,Tablet,98,7079,1009
2024-01-03,Phone,26,9159,2258
2024-01-04,Tablet,3,7517,2461
2024-01-05,Laptop,77,7559,610
2024-01-06,Phone,25,8863,2399
2024-01-07,Tablet,65,8761,2381
2024-01-08,Laptop,61,5313,2685
2024-01-09,Phone,29,6108,1707
2024-01-10,Phone,71,4333,911
2024-01-11,Phone,66,2377,1276
2024-01-12,Phone,34,5297,2826
2024-01-13,Tablet,12,2583,2919
2024-01-14,Phone,82,4545,1274
2024-01-15,Laptop,49,9311,2925
2024-01-16,Tablet,87,6011,1166
2024-01-17,Headphones,62,2624,2220
2024-01-18,Phone,78,6464,604
2024-01-19,Laptop,11,4447,2115
2024-01-20,Headphones,22,7160,2377
2024-01-21,Tablet,2,7184,329
2024-01-22,Phone,6,5663,1737
2024-01-23,Phone,63,6390,2169
2024-01-24,Laptop,62,7217,2630
2024-01-25,Tablet,34,3061,2307
2024-01-26,Headphones,87,1495,690
2024-01-27,Headphones,54,2819,2619
2024-01-28,Tablet,40,5521,1735
2024-01-29,Phone,95,3871,736
2024-01-30,Tablet,26,7721,2969
2024-01-31,Tablet,62,2218,2347
2024-02-01,Phone,77,7941,2327
2024-02-02,Tablet,1,8039,2034
2024-02-03,Headphones,25,6864,1113
2024-02-04,Phone,77,1285,743
2024-02-05,Tablet,20,5194,2081
2024-02-06,Headphones,76,7613,1696
2024-02-07,Phone,79,2268,1487
2024-02-08,Headphones,84,8382,2169
2024-02-09,Phone,4,6173,2085
2024-02-10,Tablet,16,4052,361
2024-02-11,Laptop,70,1791,2027
2024-02-12,Laptop,58,1768,2868
2024-02-13,Tablet,66,8826,1913
2024-02-14,Headphones,84,3124,2610
2024-02-15,Tablet,92,9671,1738
2024-02-16,Laptop,77,2519,2309
2024-02-17,Laptop,9,7115,647
2024-02-18,Tablet,84,4842,2405
2024-02-19,Tablet,8,3944,630
2024-02-20,Tablet,67,3453,2024
2024-02-21,Tablet,87,8989,1502
2024-02-22,Phone,5,9605,1721
2024-02-23,Tablet,5,3153,1244
2024-02-24,Tablet,66,4610,2938
2024-02-25,Laptop,71,8344,2628
2024-02-26,Phone,65,1931,505
2024-02-27,Headphones,87,1138,1313
2024-02-28,Phone,76,6919,578
2024-02-29,Tablet,85,4630,1351
2024-03-01,Tablet,90,3236,886
2024-03-02,Headphones,55,3583,2199
2024-03-03,Tablet,25,5319,2647
2024-03-04,Headphones,72,2793,807
2024-03-05,Laptop,80,7056,2713
2024-03-06,Headphones,13,3346,484
2024-03-07,Tablet,67,2774,1401
2024-03-08,Laptop,69,4636,657
2024-03-09,Phone,32,4710,224
2024-03-10,Laptop,45,1858,1062
2024-03-11,Tablet,7,6212,711
2024-03-12,Laptop,62,5666,1806
2024-03-13,Tablet,63,9003,358
2024-03-14,Tablet,64,5232,1925
2024-03-15,Laptop,81,2039,1638
2024-03-16,Laptop,99,9531,873
2024-03-17,Tablet,98,8893,2580
2024-03-18,Laptop,28,2410,1523
2024-03-19,Tablet,91,3735,1919
2024-03-20,Tablet,38,7091,2274
2024-03-21,Phone,24,4701,1001
2024-03-22,Tablet,7,7034,2836
2024-03-23,Headphones,49,5841,602
2024-03-24,Tablet,92,8548,928
2024-03-25,Tablet,99,5740,1278
2024-03-26,Tablet,26,7983,936
2024-03-27,Phone,96,8616,1548
2024-03-28,Laptop,1,9268,2106
2024-03-29,Laptop,63,2516,2033
2024-03-30,Tablet,50,7418,1110
2024-03-31,Laptop,7,4326,461
2024-04-01,Phone,15,7039,1890
2024-04-02,Tablet,61,6648,2992
2024-04-03,Headphones,9,1918,1293
2024-04-04,Tablet,96,6994,1094
2024-04-05,Laptop,56,8132,2440
2024-04-06,Phone,13,2598,1400
2024-04-07,Headphones,41,2737,883
2024-04-08,Laptop,58,4886,928
2024-04-09,Laptop,91,1874,816
2024-04-10,Tablet,57,4589,2913
2024-04-11,Tablet,40,5339,1265
2024-04-12,Phone,11,2436,2755
2024-04-13,Phone,64,7510,2802
2024-04-14,Headphones,63,6220,959
2024-04-15,Laptop,94,3643,1297
2024-04-16,Headphones,99,5404,647
2024-04-17,Tablet,42,9044,1135
2024-04-18,Laptop,1,5506,2553
2024-04-19,Phone,58,7964,1530
2024-04-20,Headphones,17,5247,567
2024-04-21,Laptop,59,6971,1712
2024-04-22,Tablet,47,2266,1265
2024-04-23,Tablet,24,1426,1846
2024-04-24,Headphones,47,1482,2651
2024-04-25,Laptop,33,7929,2061
2024-04-26,Headphones,12,8581,518
2024-04-27,Laptop,3,7928,1199
2024-04-28,Headphones,98,1001,2372
2024-04-29,Phone,74,2121,1061
2024-04-30,Tablet,13,1315,544
2024-05-01,Phone,16,5724,2241
2024-05-02,Laptop,90,4577,2336
2024-05-03,Tablet,37,3221,1458
2024-05-04,Tablet,60,1263,1364
2024-05-05,Laptop,76,9530,2245
2024-05-06,Laptop,16,4396,2833
2024-05-07,Phone,81,7115,308
2024-05-08,Headphones,26,2462,2671
2024-05-09,Tablet,55,8134,215
2024-05-10,Headphones,15,5960,717
2024-05-11,Phone,45,2652,2551
2024-05-12,Tablet,23,6944,1092
2024-05-13,Headphones,12,3960,689
2024-05-14,Headphones,89,5794,686
2024-05-15,Tablet,57,2819,1603
2024-05-16,Headphones,83,5987,2328
2024-05-17,Headphones,94,9927,955
2024-05-18,Phone,70,9367,1351
2024-05-19,Laptop,64,6085,992
2024-05-20,Laptop,11,3025,2833
2024-05-21,Tablet,66,8829,2753
2024-05-22,Phone,18,3578,2381
2024-05-23,Phone,31,4738,1895
2024-05-24,Tablet,97,8466,891
2024-05-25,Laptop,92,3964,2662
2024-05-26,Headphones,82,8347,2887
2024-05-27,Headphones,14,7552,2037
2024-05-28,Headphones,40,4367,2150
2024-05-29,Headphones,50,2061,1447
2024-05-30,Tablet,46,2395,2325
2024-05-31,Phone,27,7367,1843
2024-06-01,Phone,57,6323,2836
2024-06-02,Laptop,10,5770,2698
2024-06-03,Headphones,59,8486,2937
2024-06-04,Tablet,88,5975,1283
2024-06-05,Tablet,14,5110,2672
2024-06-06,Laptop,16,9635,2856
2024-06-07,Laptop,74,3347,1775
2024-06-08,Headphones,20,9269,2504
2024-06-09,Laptop,9,4571,1874
2024-06-10,Tablet,99,2811,1215
2024-06-11,Laptop,98,7500,497
2024-06-12,Laptop,66,7365,2902
2024-06-13,Tablet,55,4928,459
2024-06-14,Tablet,88,7472,807
2024-06-15,Phone,8,7320,2355
2024-06-16,Headphones,83,9324,2733
2024-06-17,Tablet,1,7751,1550
2024-06-18,Headphones,89,6103,2374
2024-06-19,Tablet,31,3794,1783
2024-06-20,Tablet,49,5248,584
2024-06-21,Tablet,32,9870,739
2024-06-22,Headphones,26,3348,903
2024-06-23,Phone,12,9044,1279
2024-06-24,Tablet,55,8108,1078
2024-06-25,Phone,75,5811,928
2024-06-26,Tablet,79,1603,1413
2024-06-27,Laptop,94,1109,1949
2024-06-28,Headphones,60,7832,2114
2024-06-29,Headphones,32,1732,2989
2024-06-30,Tablet,25,5361,677
2024-07-01,Laptop,98,6117,1727
2024-07-02,Phone,12,6161,2451
2024-07-03,Tablet,26,2590,1059
2024-07-04,Tablet,36,7986,1982
2024-07-05,Tablet,15,8302,995
2024-07-06,Laptop,4,3119,2060
2024-07-07,Headphones,82,6779,2529
2024-07-08,Headphones,36,6379,553
2024-07-09,Headphones,94,5326,2088
2024-07-10,Headphones,71,4484,730
2024-07-11,Phone,54,3507,502
2024-07-12,Phone,49,8077,2089
2024-07-13,Phone,40,1138,2441
2024-07-14,Tablet,99,9723,2291
2024-07-15,Headphones,1,1438,1078
2024-07-16,Laptop,98,4929,1099
2024-07-17,Phone,6,7489,2637
2024-07-18,Tablet,7,9240,1485
2024-07-19,Laptop,85,3894,1294
2024-07-20,Phone,65,8334,1031
2024-07-21,Laptop,68,3474,714
2024-07-22,Laptop,49,5194,2454
2024-07-23,Tablet,51,1290,1376
2024-07-24,Tablet,45,7726,520
2024-07-25,Headphones,63,9535,1181
2024-07-26,Laptop,26,1708,2942
2024-07-27,Headphones,56,3399,1020
2024-07-28,Laptop,26,5830,2559
2024-07-29,Headphones,36,8650,2919
2024-07-30,Laptop,65,1102,2934
2024-07-31,Headphones,24,9929,2662
2024-08-01,Headphones,55,2528,2499
2024-08-02,Tablet,34,1956,439
2024-08-03,Tablet,20,6207,2206
2024-08-04,Phone,59,7894,2918
2024-08-05,Phone,99,2698,1964
2024-08-06,Phone,47,8513,2420
2024-08-07,Headphones,20,1030,1628
2024-08-08,Headphones,41,7357,749
2024-08-09,Laptop,35,6177,2700
2024-08-10,Phone,94,1114,1633
2024-08-11,Laptop,38,5786,1412
2024-08-12,Tablet,88,1916,2506
2024-08-13,Headphones,50,4146,1066
2024-08-14,Tablet,28,3972,1424
2024-08-15,Tablet,2,6688,1449
2024-08-16,Phone,21,7084,2897
2024-08-17,Laptop,4,4180,2513
2024-08-18,Phone,63,7651,1109
2024-08-19,Laptop,28,1028,2061
2024-08-20,Tablet,61,9888,2695
2024-08-21,Phone,12,3229,1997
2024-08-22,Phone,79,5054,1396
2024-08-23,Tablet,16,6001,2754
2024-08-24,Laptop,63,2446,2179
2024-08-25,Laptop,78,6843,416
2024-08-26,Phone,77,5514,1435
2024-08-27,Phone,10,7133,2296
2024-08-28,Headphones,66,3246,712
2024-08-29,Headphones,27,4957,1882
2024-08-30,Tablet,5,3636,1035
2024-08-31,Headphones,96,6748,1688
2024-09-01,Laptop,82,3063,255
2024-09-02,Headphones,24,1986,845
2024-09-03,Headphones,32,9637,765
2024-09-04,Phone,30,7412,1402
2024-09-05,Tablet,36,7442,1899
2024-09-06,Headphones,49,8636,2787
2024-09-07,Phone,29,7170,2792
2024-09-08,Laptop,91,7629,1382
2024-09-09,Phone,52,9265,758
2024-09-10,Laptop,66,2854,630
2024-09-11,Headphones,88,2944,1166
2024-09-12,Headphones,99,4595,359
2024-09-13,Tablet,23,9522,1503
2024-09-14,Laptop,9,1762,366
2024-09-15,Laptop,36,6804,2400
2024-09-16,Tablet,33,2608,857
2024-09-17,Laptop,46,8800,1791
2024-09-18,Headphones,45,1528,2585
2024-09-19,Laptop,20,8640,1067
2024-09-20,Phone,6,7945,1858
2024-09-21,Tablet,14,3099,2146
2024-09-22,Headphones,15,8995,1220
2024-09-23,Headphones,61,6165,796
2024-09-24,Tablet,33,6601,2012
2024-09-25,Tablet,83,6267,2151
2024-09-26,Tablet,51,3624,2459
2024-09-27,Tablet,23,6917,2748
2024-09-28,Tablet,3,1799,2324
2024-09-29,Headphones,75,4643,2374
2024-09-30,Headphones,70,7087,1462
2024-10-01,Phone,56,4659,1287
2024-10-02,Tablet,55,4759,2943
2024-10-03,Headphones,70,6631,1035
2024-10-04,Tablet,82,4971,2166
2024-10-05,Phone,74,6592,1280
2024-10-06,Laptop,82,7129,1564
2024-10-07,Laptop,56,8056,2347
2024-10-08,Tablet,68,4129,1867
2024-10-09,Phone,31,3926,1793
2024-10-10,Tablet,34,9410,719
2024-10-11,Headphones,92,8085,280
2024-10-12,Headphones,7,9944,750
2024-10-13,Phone,5,3650,730
2024-10-14,Headphones,75,7097,490
2024-10-15,Headphones,88,1277,1758
2024-10-16,Tablet,50,5158,429
2024-10-17,Laptop,74,9569,1009
2024-10-18,Headphones,53,7153,506
2024-10-19,Tablet,63,3517,1636
2024-10-20,Laptop,57,7919,639
2024-10-21,Tablet,87,7610,666
2024-10-22,Tablet,11,2005,702
2024-10-23,Tablet,63,9953,1344
2024-10-24,Headphones,21,4303,2773
2024-10-25,Phone,61,3963,1004
2024-10-26,Tablet,52,4078,1273
2024-10-27,Phone,97,1049,1073
2024-10-28,Laptop,32,1261,2390
2024-10-29,Tablet,49,1244,2312
2024-10-30,Phone,7,2600,2416
2024-10-31,Tablet,50,9574,1726
2024-11-01,Phone,21,7674,219
2024-11-02,Phone,65,6740,2635
2024-11-03,Headphones,15,5408,2928
2024-11-04,Laptop,18,6325,1449
2024-11-05,Phone,70,7396,1720
2024-11-06,Phone,51,4551,1826
2024-11-07,Laptop,81,5275,1031
2024-11-08,Headphones,79,5923,2270
2024-11-09,Laptop,94,5567,390
2024-11-10,Phone,5,5555,1285
2024-11-11,Headphones,83,1704,354
2024-11-12,Tablet,14,8891,1036
2024-11-13,Headphones,61,4849,583
2024-11-14,Tablet,89,1423,1511
2024-11-15,Phone,27,7955,1642
2024-11-16,Headphones,49,5220,1974
2024-11-17,Tablet,24,5681,2738
2024-11-18,Laptop,61,8247,2662
2024-11-19,Phone,71,7401,2984
2024-11-20,Tablet,19,1990,1893
2024-11-21,Tablet,72,6804,1278
2024-11-22,Phone,37,1171,220
2024-11-23,Tablet,50,3001,2210
2024-11-24,Laptop,72,8174,1528
2024-11-25,Phone,69,5444,2544
2024-11-26,Laptop,85,5564,2438
2024-11-27,Tablet,30,9134,603
2024-11-28,Headphones,86,1860,2034
2024-11-29,Headphones,20,7874,2558
2024-11-30,Laptop,50,5583,480
2024-12-01,Tablet,69,8476,1258
2024-12-02,Phone,54,8815,1199
2024-12-03,Tablet,29,2463,2770
2024-12-04,Phone,5,7077,2079
2024-12-05,Phone,49,2526,2701
2024-12-06,Phone,58,3034,1053
2024-12-07,Headphones,54,3413,330
2024-12-08,Laptop,21,9904,1148
2024-12-09,Tablet,97,1341,2012
2024-12-10,Tablet,59,8861,1175
2024-12-11,Headphones,22,9131,1488
2024-12-12,Tablet,7,5430,558
2024-12-13,Headphones,30,6014,1864
2024-12-14,Tablet,24,3710,877
2024-12-15,Laptop,55,3314,429
2024-12-16,Headphones,30,4726,1973
2024-12-17,Headphones,90,3828,1432
2024-12-18,Phone,18,2781,286
2024-12-19,Laptop,41,4595,2294
2024-12-20,Phone,67,9244,1047
2024-12-21,Laptop,75,1063,2842
2024-12-22,Laptop,62,6567,484
2024-12-23,Tablet,2,3747,2465
2024-12-24,Laptop,40,4728,1796
2024-12-25,Laptop,71,9289,2418
2024-12-26,Phone,43,8313,1812
2024-12-27,Laptop,80,2964,1780
2024-12-28,Tablet,43,3655,2449
2024-12-29,Headphones,38,3767,521
2024-12-30,Tablet,14,9150,224
2024-12-31,Headphones,93,3758,2285
2025-01-01,Laptop,13,1692,549
2025-01-02,Headphones,52,9709,290
2025-01-03,Tablet,55,8519,655
2025-01-04,Headphones,62,2855,2702
2025-01-05,Headphones,6,8091,1519
2025-01-06,Headphones,90,1348,782
2025-01-07,Headphones,34,5042,871
2025-01-08,Tablet,70,3671,2382
2025-01-09,Tablet,86,4447,329
2025-01-10,Phone,36,3614,1591
2025-01-11,Phone,22,1585,1746
2025-01-12,Phone,27,6763,1986
2025-01-13,Laptop,98,4649,2921
2025-01-14,Phone,93,5064,1189
2025-01-15,Phone,64,1540,1481
2025-01-16,Tablet,43,9232,1229
2025-01-17,Phone,30,6647,2650
2025-01-18,Laptop,85,8013,247
2025-01-19,Laptop,15,9604,2369
2025-01-20,Tablet,88,4676,294
2025-01-21,Phone,11,6264,2472
2025-01-22,Headphones,64,2123,2966
2025-01-23,Phone,17,6017,545
2025-01-24,Laptop,83,9838,220
2025-01-25,Tablet,34,9387,690
2025-01-26,Phone,85,6095,2236
2025-01-27,Tablet,22,7149,451
2025-01-28,Tablet,32,1465,2363
2025-01-29,Laptop,4,8998,487
2025-01-30,Laptop,91,3311,2736
2025-01-31,Phone,1,8106,2702
2025-02-01,Phone,58,9221,1723
2025-02-02,Phone,70,4202,2861
2025-02-03,Headphones,42,2635,1854
2025-02-04,Phone,59,1089,850
2025-02-05,Tablet,75,6000,1176
2025-02-06,Tablet,57,3115,912
2025-02-07,Headphones,90,7178,2853
2025-02-08,Tablet,21,7650,1350
2025-02-09,Headphones,59,9314,2287
2025-02-10,Laptop,14,4751,1340
2025-02-11,Tablet,54,4487,2832
2025-02-12,Tablet,70,2260,2642
2025-02-13,Tablet,48,9940,713
2025-02-14,Tablet,4,1868,2134
2025-02-15,Laptop,34,1464,813
2025-02-16,Headphones,19,4932,2203
2025-02-17,Laptop,19,9435,1125
2025-02-18,Headphones,34,4515,2268
2025-02-19,Headphones,31,6664,2122
2025-02-20,Headphones,85,3957,2405
2025-02-21,Laptop,74,3243,541
2025-02-22,Phone,55,9073,1653
2025-02-23,Phone,16,4940,1855
2025-02-24,Tablet,9,9311,2538
2025-02-25,Tablet,7,4075,1828
2025-02-26,Laptop,91,5240,1077
2025-02-27,Phone,88,6819,321
2025-02-28,Tablet,18,8497,814
2025-03-01,Laptop,83,7923,2108
2025-03-02,Phone,99,8722,2561
2025-03-03,Phone,50,3539,2830
2025-03-04,Headphones,42,8623,2270
2025-03-05,Laptop,23,2937,1910
2025-03-06,Laptop,22,8560,928
2025-03-07,Tablet,17,7712,2130
2025-03-08,Phone,46,2654,2119
2025-03-09,Phone,90,4756,304
2025-03-10,Tablet,66,8482,1541
2025-03-11,Tablet,44,8321,983
2025-03-12,Tablet,64,9850,2916
2025-03-13,Headphones,46,9321,1165
2025-03-14,Headphones,68,8700,784
2025-03-15,Laptop,14,7043,2535
2025-03-16,Tablet,5,1670,2431
2025-03-17,Laptop,29,1960,1034
2025-03-18,Headphones,64,5899,2736
2025-03-19,Headphones,99,7725,997
2025-03-20,Headphones,59,2631,257
2025-03-21,Tablet,93,9540,743
2025-03-22,Phone,29,9811,1338
2025-03-23,Laptop,68,5392,1802
2025-03-24,Headphones,31,3615,2669
2025-03-25,Headphones,24,9594,2119
2025-03-26,Laptop,4,8002,1714
2025-03-27,Phone,18,8326,2206
2025-03-28,Laptop,24,1426,2116
2025-03-29,Tablet,51,8623,733
2025-03-30,Tablet,17,4820,892
2025-03-31,Laptop,30,6947,1206
2025-04-01,Laptop,51,9371,2210
2025-04-02,Tablet,54,8214,1926
2025-04-03,Phone,60,3436,1905
2025-04-04,Phone,77,7560,1935
2025-04-05,Headphones,68,5287,471
2025-04-06,Tablet,25,1364,2705
2025-04-07,Phone,4,8320,645
2025-04-08,Tablet,67,9208,2380
2025-04-09,Laptop,16,8813,2554
2025-04-10,Phone,28,7495,1816
2025-04-11,Phone,50,8799,2112
2025-04-12,Headphones,1,3530,975
2025-04-13,Tablet,50,8555,1754
2025-04-14,Laptop,87,6193,1466
2025-04-15,Headphones,89,9536,805
2025-04-16,Laptop,17,4300,2363
2025-04-17,Laptop,66,9269,1551
2025-04-18,Tablet,38,9020,1568
2025-04-19,Laptop,3,3308,1397
2025-04-20,Phone,44,4033,1037
2025-04-21,Phone,86,5242,2889
2025-04-22,Laptop,23,6077,265
2025-04-23,Headphones,2,6977,735
2025-04-24,Phone,88,9416,1502
2025-04-25,Phone,1,9058,2717
2025-04-26,Headphones,1,1167,2227
2025-04-27,Tablet,15,4585,932
2025-04-28,Tablet,43,5487,1135
2025-04-29,Phone,66,1732,2886
2025-04-30,Tablet,88,3234,758
2025-05-01,Tablet,55,4982,1291
2025-05-02,Headphones,98,8302,2904
2025-05-03,Headphones,19,8857,316
2025-05-04,Tablet,20,2670,1717
2025-05-05,Headphones,26,2410,2643
2025-05-06,Laptop,77,4701,1141
2025-05-07,Laptop,65,2902,1033
2025-05-08,Phone,29,8073,546
2025-05-09,Laptop,20,1243,2984
2025-05-10,Tablet,89,5770,1910
2025-05-11,Laptop,95,8224,1777
2025-05-12,Phone,6,1565,2674
2025-05-13,Laptop,46,1747,889
2025-05-14,Phone,16,2367,1656
2025-05-15,Tablet,23,8676,804
2025-05-16,Tablet,67,2299,963
2025-05-17,Tablet,7,3123,2094
2025-05-18,Phone,59,7527,1913
2025-05-19,Laptop,50,5249,1775
2025-05-20,Headphones,74,5879,2644
2025-05-21,Tablet,46,6141,721
2025-05-22,Headphones,76,8238,1496
2025-05-23,Tablet,70,6441,2160
2025-05-24,Phone,85,9803,1457
2025-05-25,Phone,81,1983,1896
2025-05-26,Tablet,76,6867,909
2025-05-27,Headphones,63,8664,2150
2025-05-28,Phone,83,8040,2788
2025-05-29,Phone,89,6221,1425
2025-05-30,Headphones,21,6624,1767
2025-05-31,Tablet,45,4960,1779
2025-06-01,Laptop,94,1964,2841
2025-06-02,Phone,20,8730,2611
2025-06-03,Tablet,81,3628,526
2025-06-04,Tablet,14,1405,2136
2025-06-05,Laptop,19,8470,2908
2025-06-06,Headphones,53,9570,2423
2025-06-07,Tablet,33,4918,2655
2025-06-08,Phone,50,2640,1524
2025-06-09,Laptop,95,6222,1597
2025-06-10,Headphones,69,1596,1271
2025-06-11,Laptop,88,7198,809
2025-06-12,Tablet,28,3661,2296
2025-06-13,Laptop,10,9035,2394
2025-06-14,Headphones,16,2954,1176
2025-06-15,Tablet,73,5968,2098
2025-06-16,Tablet,84,9188,2408
2025-06-17,Laptop,27,1077,687
2025-06-18,Laptop,63,4183,303
2025-06-19,Laptop,3,4875,845
2025-06-20,Laptop,76,1720,1332
2025-06-21,Tablet,70,5363,1245
2025-06-22,Tablet,76,3230,441
2025-06-23,Tablet,10,7753,435
2025-06-24,Phone,78,3885,291
2025-06-25,Tablet,41,4901,1586
2025-06-26,Headphones,12,4769,1177
2025-06-27,Laptop,1,5924,1954
2025-06-28,Phone,65,7558,1216
2025-06-29,Laptop,67,9188,275
2025-06-30,Headphones,81,2984,565
2025-07-01,Phone,78,4942,2245
2025-07-02,Headphones,37,4203,1738
2025-07-03,Phone,69,3207,709
2025-07-04,Headphones,1,3847,1531
2025-07-05,Tablet,78,6069,1862
2025-07-06,Phone,63,3050,1913
2025-07-07,Tablet,23,2707,1792
2025-07-08,Headphones,17,7063,2399
2025-07-09,Laptop,81,9739,1700
2025-07-10,Tablet,22,1720,306
2025-07-11,Headphones,37,3576,623
2025-07-12,Phone,48,7006,1110
2025-07-13,Tablet,98,5557,598
2025-07-14,Tablet,20,1738,2919
2025-07-15,Phone,86,6929,1043
2025-07-16,Tablet,29,2756,1604
2025-07-17,Phone,30,9151,1931
2025-07-18,Phone,60,6556,1502
2025-07-19,Headphones,45,3365,2082
2025-07-20,Tablet,16,3848,2815
2025-07-21,Tablet,12,9258,2643
2025-07-22,Tablet,31,3547,1414
2025-07-23,Phone,70,3638,2091
2025-07-24,Phone,88,5407,1613
2025-07-25,Laptop,71,5267,399
2025-07-26,Headphones,20,1324,1942
2025-07-27,Headphones,59,3178,1922
2025-07-28,Tablet,5,9175,2408
2025-07-29,Phone,12,6455,389
2025-07-30,Laptop,57,3819,1006
2025-07-31,Tablet,96,4045,1301
2025-08-01,Tablet,83,8329,411
2025-08-02,Tablet,86,6695,530
2025-08-03,Laptop,39,2889,1874
2025-08-04,Headphones,77,7795,2156
2025-08-05,Tablet,79,1273,569
2025-08-06,Headphones,34,6198,699
2025-08-07,Tablet,9,9927,1926
2025-08-08,Headphones,96,2456,1990
2025-08-09,Phone,39,8283,242
2025-08-10,Phone,98,2772,1972
2025-08-11,Phone,34,1827,486
2025-08-12,Tablet,17,8820,2852
2025-08-13,Phone,80,5136,1227
2025-08-14,Headphones,47,3222,969
2025-08-15,Headphones,80,1132,2656
2025-08-16,Headphones,17,6031,564
2025-08-17,Laptop,48,7053,2751
2025-08-18,Headphones,45,6365,2234
2025-08-19,Tablet,99,1220,1281
2025-08-20,Tablet,35,3590,714
2025-08-21,Tablet,76,7727,1614
2025-08-22,Laptop,10,6892,854
2025-08-23,Headphones,7,1578,2196
2025-08-24,Laptop,21,8338,1936
2025-08-25,Phone,94,3332,2428
2025-08-26,Tablet,91,4753,2880
2025-08-27,Laptop,10,2809,2010
2025-08-28,Laptop,17,6459,527
2025-08-29,Tablet,57,3972,2801
2025-08-30,Headphones,47,9230,903
2025-08-31,Tablet,61,9239,2857
2025-09-01,Laptop,51,5985,2303
2025-09-02,Laptop,44,4786,928
2025-09-03,Tablet,20,5391,2581
2025-09-04,Laptop,96,4656,757
2025-09-05,Headphones,97,4528,465
2025-09-06,Laptop,26,2282,1814
2025-09-07,Laptop,28,5033,786
2025-09-08,Tablet,61,3399,227
2025-09-09,Laptop,4,8566,1372
2025-09-10,Phone,65,8283,777
2025-09-11,Headphones,1,4630,741
2025-09-12,Headphones,90,1940,2790
2025-09-13,Laptop,50,9319,1846
2025-09-14,Headphones,77,8373,245
2025-09-15,Tablet,44,5977,529
2025-09-16,Phone,71,5283,870
2025-09-17,Tablet,54,3824,710
2025-09-18,Laptop,47,3530,2029
2025-09-19,Phone,35,9466,958
2025-09-20,Headphones,79,9742,2521
2025-09-21,Tablet,31,6822,2277
2025-09-22,Phone,59,5406,303
2025-09-23,Phone,46,5686,2176
2025-09-24,Laptop,93,8069,873
2025-09-25,Headphones,55,3423,2569
2025-09-26,Phone,52,3458,2800
2025-09-27,Headphones,11,4020,2573
2025-09-28,Phone,39,5678,2949
2025-09-29,Laptop,19,2272,1245
2025-09-30,Laptop,1,1672,300
2025-10-01,Headphones,6,7499,2305
2025-10-02,Laptop,40,3488,2428
2025-10-03,Phone,78,7830,1116
2025-10-04,Headphones,25,8496,2107
2025-10-05,Laptop,25,9624,531
2025-10-06,Laptop,46,1822,436
2025-10-07,Phone,92,4760,1638
2025-10-08,Tablet,90,1045,1815
2025-10-09,Laptop,33,1854,1435
2025-10-10,Headphones,77,2049,2220
2025-10-11,Tablet,81,7673,337
2025-10-12,Headphones,51,3686,2653
2025-10-13,Laptop,60,2952,371
2025-10-14,Tablet,4,9598,1137
2025-10-15,Phone,31,5431,439
2025-10-16,Phone,86,2482,1130
2025-10-17,Headphones,35,9122,2313
2025-10-18,Tablet,95,7518,1035
2025-10-19,Tablet,13,7330,2527
2025-10-20,Laptop,83,6212,2823
2025-10-21,Headphones,86,4236,1549
2025-10-22,Headphones,82,1164,1869
2025-10-23,Headphones,65,3982,2771
2025-10-24,Laptop,68,3229,1895
2025-10-25,Headphones,68,5037,1994
2025-10-26,Tablet,16,2977,392
2025-10-27,Phone,22,2531,921
2025-10-28,Phone,70,7155,2807
2025-10-29,Phone,8,6905,1646
2025-10-30,Phone,15,9312,1279
2025-10-31,Laptop,55,2267,1137
2025-11-01,Laptop,37,2409,276
2025-11-02,Tablet,29,2595,2885
2025-11-03,Phone,2,8724,2308
2025-11-04,Headphones,5,1052,2896
2025-11-05,Tablet,32,5555,2188
2025-11-06,Laptop,79,6838,1867
2025-11-07,Phone,82,7906,2876
2025-11-08,Laptop,61,3408,2145
2025-11-09,Tablet,89,3819,518
2025-11-10,Tablet,20,9722,1157
2025-11-11,Laptop,42,9688,548
2025-11-12,Headphones,62,4585,1106
2025-11-13,Headphones,84,2744,279
2025-11-14,Phone,92,4223,1074
2025-11-15,Laptop,45,1385,2259
2025-11-16,Phone,91,6449,1284
2025-11-17,Laptop,76,8640,1846
2025-11-18,Headphones,71,5356,1957
2025-11-19,Phone,86,5556,2310
2025-11-20,Headphones,53,8557,1572
2025-11-21,Headphones,42,3702,1608
2025-11-22,Headphones,58,1815,1849
2025-11-23,Tablet,12,1609,2074
2025-11-24,Tablet,99,6782,321
2025-11-25,Laptop,10,8809,1207
2025-11-26,Laptop,15,2234,804
2025-11-27,Headphones,32,1206,1249
2025-11-28,Laptop,54,2622,929
2025-11-29,Phone,21,6490,386
2025-11-30,Tablet,32,9609,2934
2025-12-01,Tablet,35,9354,1748
2025-12-02,Tablet,47,6322,550
2025-12-03,Phone,64,5135,1029
2025-12-04,Laptop,17,6602,543
2025-12-05,Tablet,22,6926,525
2025-12-06,Phone,75,3634,1411
2025-12-07,Headphones,74,5741,2054
2025-12-08,Headphones,91,2797,1888
2025-12-09,Headphones,69,8728,1586
2025-12-10,Headphones,4,9255,1422
2025-12-11,Tablet,40,5469,609
2025-12-12,Tablet,60,9780,2154
2025-12-13,Tablet,74,2011,772
2025-12-14,Headphones,88,4263,1831
2025-12-15,Tablet,54,6353,2524
2025-12-16,Headphones,73,8249,2483
2025-12-17,Laptop,10,9164,2897
2025-12-18,Phone,6,9731,2623
2025-12-19,Laptop,12,6390,1470
2025-12-20,Laptop,73,6230,765
2025-12-21,Laptop,31,8579,2388
2025-12-22,Tablet,36,6165,1981
2025-12-23,Headphones,4,6254,2793
2025-12-24,Headphones,81,6048,980
2025-12-25,Headphones,44,7411,1260
2025-12-26,Laptop,67,7434,418
2025-12-27,Phone,35,2200,1902
2025-12-28,Tablet,22,3269,2417
2025-12-29,Tablet,75,2733,1266
2025-12-30,Tablet,48,2112,912
2025-12-31,Laptop,94,6963,414
2026-01-01,Headphones,32,2712,1331
2026-01-02,Headphones,63,1664,2626
2026-01-03,Phone,31,1276,2486
2026-01-04,Headphones,4,5945,2403
2026-01-05,Phone,76,1292,395
2026-01-06,Headphones,60,4055,2998
2026-01-07,Phone,19,6149,1290
2026-01-08,Tablet,21,4004,2066
2026-01-09,Headphones,75,2617,1827
2026-01-10,Headphones,55,5116,1849
2026-01-11,Laptop,49,4311,1942
2026-01-12,Tablet,56,7292,2214
2026-01-13,Phone,36,4206,1144
2026-01-14,Headphones,65,7639,715
2026-01-15,Laptop,27,5196,1835
2026-01-16,Headphones,99,8260,1826
2026-01-17,Phone,1,6420,2989
2026-01-18,Phone,10,8432,2458
2026-01-19,Laptop,96,9179,1165
2026-01-20,Phone,88,8597,1643
2026-01-21,Headphones,12,8950,324
2026-01-22,Laptop,65,8837,220
2026-01-23,Phone,32,4693,1872
2026-01-24,Phone,53,7656,1399
2026-01-25,Tablet,82,6073,605
2026-01-26,Tablet,48,1434,612
2026-01-27,Tablet,29,8002,482
2026-01-28,Laptop,67,7468,2664
2026-01-29,Headphones,88,8505,2188
2026-01-30,Laptop,69,5235,2416
2026-01-31,Tablet,99,5516,1450
2026-02-01,Headphones,46,2738,1830
2026-02-02,Headphones,1,8513,318
2026-02-03,Headphones,94,7418,1713
2026-02-04,Laptop,99,4217,784
2026-02-05,Phone,92,3348,1459
2026-02-06,Headphones,27,5795,999
2026-02-07,Headphones,77,8499,566
2026-02-08,Phone,92,6845,362
2026-02-09,Headphones,51,3767,2778
2026-02-10,Laptop,90,2119,1588
2026-02-11,Laptop,37,3704,2943
2026-02-12,Tablet,54,2365,2386
2026-02-13,Headphones,49,4267,724
2026-02-14,Phone,27,6155,1540
2026-02-15,Laptop,81,2645,2823
2026-02-16,Laptop,25,7045,716
2026-02-17,Tablet,2,3748,2324
2026-02-18,Headphones,63,2523,513
2026-02-19,Phone,11,9437,864
2026-02-20,Headphones,49,2133,2792
2026-02-21,Laptop,64,9340,1268
2026-02-22,Laptop,6,7701,2501
2026-02-23,Headphones,4,8416,2373
2026-02-24,Laptop,18,8835,2129
2026-02-25,Phone,94,4559,1862
2026-02-26,Phone,77,6454,817
2026-02-27,Headphones,80,1091,2913
2026-02-28,Tablet,32,9871,640
2026-03-01,Phone,6,1716,874
2026-03-02,Laptop,57,4329,442
2026-03-03,Laptop,32,2005,2541
2026-03-04,Laptop,98,6376,1460
2026-03-05,Headphones,50,5800,245
2026-03-06,Headphones,97,5697,666
2026-03-07,Tablet,48,8327,779
2026-03-08,Laptop,8,2288,2533
2026-03-09,Headphones,18,7991,417
2026-03-10,Headphones,45,5903,1948
2026-03-11,Tablet,69,2609,1681
2026-03-12,Laptop,87,7388,2351
2026-03-13,Headphones,59,4608,2942
2026-03-14,Tablet,80,7488,1102
2026-03-15,Phone,60,2343,451
2026-03-16,Phone,22,3984,2853
2026-03-17,Phone,33,1789,2272
2026-03-18,Tablet,73,2030,2593
2026-03-19,Phone,94,1684,2123
2026-03-20,Headphones,11,9954,2128
2026-03-21,Phone,30,2362,2331
2026-03-22,Tablet,22,1447,1051
2026-03-23,Tablet,24,6231,2183
2026-03-24,Phone,27,9143,805
2026-03-25,Phone,43,1382,2276
2026-03-26,Phone,68,6545,1442
2026-03-27,Tablet,13,5791,2142
2026-03-28,Headphones,8,7388,2186
2026-03-29,Headphones,92,9460,1879
2026-03-30,Laptop,46,5458,1662
2026-03-31,Tablet,37,6600,2012
2026-04-01,Tablet,29,5532,859
2026-04-02,Tablet,15,6060,796
2026-04-03,Tablet,2,9242,631
2026-04-04,Tablet,89,7486,1427
2026-04-05,Phone,52,4135,2949
2026-04-06,Laptop,76,5456,2367
2026-04-07,Tablet,9,7463,1621
2026-04-08,Phone,11,2039,457
2026-04-09,Headphones,80,4259,2095
2026-04-10,Headphones,69,2591,2430
2026-04-11,Phone,57,2334,1168
2026-04-12,Headphones,89,5259,2524
2026-04-13,Tablet,88,1762,626
2026-04-14,Headphones,17,2802,1131
2026-04-15,Phone,72,4552,2638
2026-04-16,Laptop,53,2114,1192
2026-04-17,Headphones,15,4314,2091
2026-04-18,Headphones,63,7699,1412
2026-04-19,Laptop,16,5953,1448
2026-04-20,Laptop,57,7803,1651
2026-04-21,Laptop,40,5023,578
2026-04-22,Tablet,59,5845,2665
2026-04-23,Phone,3,5020,2816
2026-04-24,Tablet,26,8690,1500
2026-04-25,Phone,33,4365,946
2026-04-26,Laptop,92,6288,2385
2026-04-27,Laptop,34,2133,2345
2026-04-28,Headphones,43,9060,1974
2026-04-29,Phone,32,6200,1876
2026-04-30,Phone,39,2934,764
2026-05-01,Headphones,45,4654,2608
2026-05-02,Laptop,75,9907,473
2026-05-03,Phone,23,5089,1477
2026-05-04,Laptop,83,8217,2962
2026-05-05,Headphones,47,7374,1261
2026-05-06,Headphones,36,7882,379
2026-05-07,Phone,17,6729,1662
2026-05-08,Laptop,21,4671,2696
2026-05-09,Headphones,52,2332,1524
2026-05-10,Tablet,62,2118,1357
2026-05-11,Tablet,71,4496,1566
2026-05-12,Laptop,86,4090,1013
2026-05-13,Laptop,48,6573,1229
2026-05-14,Phone,91,2465,527
2026-05-15,Headphones,4,5501,2423
2026-05-16,Laptop,98,7536,1872
2026-05-17,Tablet,53,9480,2726
2026-05-18,Tablet,67,4707,1881
2026-05-19,Laptop,46,8798,1968
2026-05-20,Headphones,77,8882,2118
2026-05-21,Headphones,96,6388,214
2026-05-22,Tablet,77,2354,2049
2026-05-23,Tablet,9,3682,2208
2026-05-24,Tablet,3,3420,806
2026-05-25,Headphones,51,1676,850
2026-05-26,Headphones,90,9951,1862
2026-05-27,Laptop,55,3606,1873
2026-05-28,Phone,64,5668,1395
2026-05-29,Headphones,44,8901,217
2026-05-30,Headphones,14,4587,1740
2026-05-31,Headphones,91,3753,2707
2026-06-01,Laptop,38,8363,915
2026-06-02,Phone,18,5855,875
2026-06-03,Tablet,5,2989,2142
2026-06-04,Headphones,99,1158,2183
2026-06-05,Laptop,29,4365,1335
2026-06-06,Laptop,81,3466,306
2026-06-07,Headphones,4,8936,1624
2026-06-08,Tablet,31,5482,1987
2026-06-09,Phone,62,7394,1731
2026-06-10,Tablet,14,6401,1816
2026-06-11,Tablet,96,1249,1489
2026-06-12,Phone,20,1819,766
2026-06-13,Phone,54,4678,1329
2026-06-14,Headphones,78,6669,1175
2026-06-15,Tablet,84,6926,2634
2026-06-16,Phone,52,1203,492
2026-06-17,Tablet,79,1713,1427
2026-06-18,Tablet,45,1438,2171
2026-06-19,Phone,30,4915,339
2026-06-20,Laptop,91,7851,2923
2026-06-21,Laptop,90,9254,2752
2026-06-22,Headphones,34,3749,1682
2026-06-23,Laptop,18,7093,1947
2026-06-24,Headphones,34,6079,375
2026-06-25,Tablet,85,1110,1821
2026-06-26,Phone,88,8724,445
2026-06-27,Phone,38,4114,2260
2026-06-28,Tablet,15,3159,2696
2026-06-29,Headphones,82,5392,2599
2026-06-30,Tablet,59,7386,354
2026-07-01,Laptop,34,9096,2658
2026-07-02,Tablet,60,3159,2639
2026-07-03,Laptop,13,6990,1460
2026-07-04,Phone,31,3953,2052
2026-07-05,Headphones,77,2705,2673
2026-07-06,Headphones,21,6076,1875
2026-07-07,Phone,56,3145,1997
2026-07-08,Laptop,85,2768,340
2026-07-09,Headphones,30,4150,1851
2026-07-10,Headphones,71,7273,776
2026-07-11,Phone,92,7998,1912
2026-07-12,Phone,29,4481,2372
2026-07-13,Tablet,93,2800,939
2026-07-14,Headphones,85,3915,2481
2026-07-15,Phone,43,9207,1370
2026-07-16,Headphones,58,7326,1420
2026-07-17,Phone,85,9189,625
2026-07-18,Phone,5,9803,1414
2026-07-19,Phone,17,7080,1802
2026-07-20,Laptop,65,5820,2640
2026-07-21,Headphones,1,6560,1057
2026-07-22,Phone,86,1157,1167
2026-07-23,Phone,75,8132,2386
2026-07-24,Laptop,97,4370,506
2026-07-25,Laptop,2,6617,203
2026-07-26,Tablet,16,3997,1576
2026-07-27,Tablet,16,3568,1726
2026-07-28,Headphones,73,2172,2439
2026-07-29,Headphones,70,9869,748
2026-07-30,Laptop,20,8495,1721
2026-07-31,Laptop,14,4537,840
2026-08-01,Tablet,51,6394,1122
2026-08-02,Phone,32,5150,2621
2026-08-03,Headphones,64,8234,1680
2026-08-04,Phone,86,1484,2033
2026-08-05,Phone,91,8841,1824
2026-08-06,Headphones,20,4433,2307
2026-08-07,Tablet,33,5659,800
2026-08-08,Tablet,85,7253,2821
2026-08-09,Headphones,2,2084,456
2026-08-10,Laptop,75,2166,2205
2026-08-11,Tablet,18,7302,2882
2026-08-12,Headphones,41,4359,2147
2026-08-13,Laptop,66,1148,892
2026-08-14,Headphones,92,6865,2208
2026-08-15,Laptop,24,3677,2891
2026-08-16,Laptop,44,1985,519
2026-08-17,Headphones,47,4812,1851
2026-08-18,Phone,21,8221,1937
2026-08-19,Headphones,33,5245,2357
2026-08-20,Phone,47,5387,1983
2026-08-21,Tablet,1,8586,1127
2026-08-22,Phone,78,4561,2624
2026-08-23,Laptop,2,5909,2684
2026-08-24,Phone,28,1907,2784
2026-08-25,Laptop,36,6804,2228
2026-08-26,Headphones,59,7572,1725
2026-08-27,Phone,28,2487,957
2026-08-28,Headphones,47,5264,262
2026-08-29,Headphones,79,2792,2048
2026-08-30,Headphones,6,9755,2638
2026-08-31,Headphones,76,6866,944
2026-09-01,Headphones,98,3957,1036
2026-09-02,Laptop,45,7630,238
2026-09-03,Tablet,73,9277,2819
2026-09-04,Headphones,74,4496,2635
2026-09-05,Headphones,12,5316,583
2026-09-06,Laptop,29,9463,1922
2026-09-07,Tablet,2,2114,2076
2026-09-08,Laptop,44,4581,344
2026-09-09,Tablet,22,6805,1001
2026-09-10,Phone,51,2771,1182
2026-09-11,Tablet,87,9384,1539
2026-09-12,Laptop,54,4302,2461
2026-09-13,Headphones,75,9484,2944
2026-09-14,Headphones,16,3594,870
2026-09-15,Headphones,74,8150,755
2026-09-16,Headphones,28,3269,1613
2026-09-17,Phone,33,6102,2241
2026-09-18,Phone,54,5225,1008
2026-09-19,Headphones,9,4396,2751
2026-09-20,Tablet,63,7010,805
2026-09-21,Laptop,39,5700,978
2026-09-22,Tablet,14,9559,2825
2026-09-23,Laptop,89,1488,2334
2026-09-24,Laptop,56,9767,2358
2026-09-25,Phone,44,4969,785
2026-09-26,Laptop,53,2869,2550
2026-09-27,Laptop,64,5692,2547
2026-09-28,Laptop,16,3857,2932
2026-09-29,Headphones,76,6458,793
2026-09-30,Phone,97,9749,1781
2026-10-01,Phone,4,9923,1448
2026-10-02,Phone,24,3877,2584
2026-10-03,Phone,47,8943,1209
2026-10-04,Headphones,30,5412,315
2026-10-05,Tablet,69,7698,2260
2026-10-06,Headphones,25,1016,325
2026-10-07,Phone,15,5156,2907
2026-10-08,Phone,19,9322,2318
2026-10-09,Tablet,51,1113,277
2026-10-10,Phone,48,5799,2687
2026-10-11,Phone,54,5600,1749
2026-10-12,Headphones,37,6086,2522
2026-10-13,Phone,94,2051,593
2026-10-14,Laptop,60,1458,1444
2026-10-15,Laptop,63,6333,320
2026-10-16,Tablet,57,3024,414
2026-10-17,Tablet,95,2816,2871
2026-10-18,Tablet,95,1234,1175
2026-10-19,Tablet,66,9358,2380
2026-10-20,Tablet,60,6977,1730
2026-10-21,Headphones,15,3959,234
2026-10-22,Phone,48,3606,1068
2026-10-23,Laptop,77,2762,1082
2026-10-24,Laptop,64,8228,633
2026-10-25,Phone,63,2835,2235
2026-10-26,Laptop,62,4072,1197
2026-10-27,Laptop,66,1868,2372
2026-10-28,Phone,5,2107,1059
2026-10-29,Tablet,69,4504,1022
2026-10-30,Tablet,21,1745,1965
2026-10-31,Headphones,49,2545,204
2026-11-01,Laptop,22,8418,235
2026-11-02,Laptop,50,8335,2312
2026-11-03,Phone,42,2933,243
2026-11-04,Laptop,8,6696,2881
2026-11-05,Phone,51,9815,1352
2026-11-06,Phone,49,3226,1710
2026-11-07,Phone,62,7852,2167
2026-11-08,Headphones,36,4287,1810
2026-11-09,Laptop,33,2969,1731
2026-11-10,Tablet,77,2417,475
2026-11-11,Phone,13,1714,250
2026-11-12,Headphones,47,1536,398
2026-11-13,Laptop,87,6622,1262
2026-11-14,Laptop,68,3699,1902
2026-11-15,Headphones,79,8170,2255
2026-11-16,Phone,9,3203,917
2026-11-17,Headphones,78,3381,1414
2026-11-18,Phone,94,2365,805
2026-11-19,Phone,60,9895,1533
2026-11-20,Phone,86,7151,2720
2026-11-21,Phone,19,9857,1933
2026-11-22,Phone,59,4327,2967
2026-11-23,Tablet,14,7600,2291
2026-11-24,Headphones,75,2066,1806
2026-11-25,Headphones,7,3751,1189
2026-11-26,Tablet,21,8147,1492
2026-11-27,Phone,39,4542,1127
2026-11-28,Phone,16,9043,471
2026-11-29,Phone,94,4905,432
2026-11-30,Headphones,87,6334,1246
2026-12-01,Laptop,36,3796,2383
2026-12-02,Laptop,42,2184,1571
2026-12-03,Headphones,22,2703,786
2026-12-04,Phone,66,3762,2744
2026-12-05,Phone,1,8235,256
2026-12-06,Phone,28,7457,504
2026-12-07,Tablet,46,3627,776
2026-12-08,Tablet,3,9004,1776
2026-12-09,Phone,38,6104,511
2026-12-10,Tablet,18,3625,1072
2026-12-11,Laptop,82,6235,2764
2026-12-12,Laptop,52,7157,2108
2026-12-13,Laptop,54,7877,542
2026-12-14,Headphones,40,8779,2562
2026-12-15,Laptop,51,9730,1742
2026-12-16,Laptop,25,5375,1474
2026-12-17,Headphones,91,1589,1976
2026-12-18,Headphones,75,6538,385
2026-12-19,Laptop,14,4268,1294
2026-12-20,Headphones,70,3536,2064
2026-12-21,Phone,48,8431,704
2026-12-22,Headphones,93,3645,2500
2026-12-23,Phone,43,3561,2528
2026-12-24,Phone,13,9258,1758
2026-12-25,Laptop,90,3545,2886
2026-12-26,Headphones,24,5411,235
2026-12-27,Phone,2,6511,1844
2026-12-28,Phone,99,4209,2688
2026-12-29,Laptop,46,8299,983
2026-12-30,Tablet,68,3706,2377
2026-12-31,Headphones,94,7400,2546
2027-01-01,Headphones,65,3272,2241
2027-01-02,Headphones,19,4132,1653
2027-01-03,Laptop,11,1744,2825
2027-01-04,Phone,15,7805,462
2027-01-05,Phone,43,5768,2213
2027-01-06,Headphones,85,2037,351
2027-01-07,Tablet,58,1948,905
2027-01-08,Laptop,18,2669,524
2027-01-09,Tablet,23,2031,2914
2027-01-10,Tablet,10,7975,2343
2027-01-11,Headphones,40,6405,2890
2027-01-12,Headphones,70,5019,2759
2027-01-13,Headphones,81,2900,301
2027-01-14,Laptop,46,4531,1025
2027-01-15,Laptop,7,6954,280
2027-01-16,Phone,83,6360,2065
2027-01-17,Headphones,91,5625,1309
2027-01-18,Headphones,79,1350,1258
2027-01-19,Phone,92,1156,2989
2027-01-20,Laptop,97,1687,1218
2027-01-21,Laptop,14,5463,273
2027-01-22,Tablet,60,2139,1814
2027-01-23,Tablet,9,3448,986
2027-01-24,Laptop,41,4423,1195
2027-01-25,Tablet,89,2332,873
2027-01-26,Laptop,91,2015,2549
2027-01-27,Headphones,20,3732,1881
2027-01-28,Laptop,61,1981,2912
2027-01-29,Headphones,49,3960,2235
2027-01-30,Phone,40,2944,1885
2027-01-31,Laptop,82,3745,1909
2027-02-01,Tablet,97,1206,2532
2027-02-02,Laptop,3,7062,635
2027-02-03,Headphones,92,2545,1498
2027-02-04,Laptop,11,8060,2476
2027-02-05,Phone,31,9349,2446
2027-02-06,Tablet,43,8063,579
2027-02-07,Phone,53,4472,2321
2027-02-08,Laptop,62,8332,351
2027-02-09,Phone,43,5226,440
2027-02-10,Headphones,29,5526,2020
2027-02-11,Phone,97,7976,967
2027-02-12,Phone,86,9765,1036
2027-02-13,Laptop,55,5013,280
2027-02-14,Headphones,99,3908,1813
2027-02-15,Laptop,83,8153,1767
2027-02-16,Phone,51,6421,441
2027-02-17,Laptop,71,4071,2056
2027-02-18,Headphones,98,2449,1284
2027-02-19,Phone,11,8239,1348
2027-02-20,Tablet,94,4034,2839
2027-02-21,Tablet,4,4060,2454
2027-02-22,Headphones,10,2286,2808
2027-02-23,Laptop,7,3439,2041
2027-02-24,Headphones,17,2520,1852
2027-02-25,Tablet,28,2117,2867
2027-02-26,Tablet,23,4395,587
2027-02-27,Laptop,68,1914,2267
2027-02-28,Tablet,42,4927,882
2027-03-01,Headphones,39,6516,1146
2027-03-02,Laptop,18,2411,2495
2027-03-03,Phone,95,7571,2211
2027-03-04,Laptop,50,3323,1963
2027-03-05,Phone,16,6589,2402
2027-03-06,Tablet,47,1886,239
2027-03-07,Headphones,30,1030,1488
2027-03-08,Headphones,4,8335,1019
2027-03-09,Laptop,35,8510,282
2027-03-10,Phone,29,1211,2585
2027-03-11,Tablet,24,7092,2319
2027-03-12,Headphones,40,5190,2203
2027-03-13,Laptop,78,6601,813
2027-03-14,Tablet,55,3400,2673
2027-03-15,Laptop,51,9338,814
2027-03-16,Phone,60,2172,1846
2027-03-17,Laptop,70,4088,780
2027-03-18,Phone,24,1371,1262
2027-03-19,Phone,69,4010,1284
2027-03-20,Tablet,51,5800,2419
2027-03-21,Laptop,77,9018,2798
2027-03-22,Phone,8,4013,361
2027-03-23,Phone,99,8727,2934
2027-03-24,Laptop,69,5249,2552
2027-03-25,Laptop,28,7665,2942
2027-03-26,Laptop,9,7179,2344
2027-03-27,Phone,12,7288,2014
2027-03-28,Headphones,78,5437,1995
2027-03-29,Phone,83,3874,1858
2027-03-30,Tablet,6,8645,2969
2027-03-31,Phone,16,6988,280
2027-04-01,Headphones,27,8411,2804
2027-04-02,Phone,70,4530,285
2027-04-03,Headphones,49,1158,736
2027-04-04,Headphones,71,3795,1650
2027-04-05,Tablet,20,5076,1935
2027-04-06,Headphones,60,2889,2513
2027-04-07,Tablet,95,8829,2938
2027-04-08,Headphones,59,3997,1893
2027-04-09,Tablet,69,4896,2067
2027-04-10,Tablet,81,9042,527
2027-04-11,Laptop,82,5788,1968
2027-04-12,Laptop,26,6984,2744
2027-04-13,Laptop,76,1058,1650
2027-04-14,Laptop,2,5789,2639
2027-04-15,Tablet,18,5683,2076
2027-04-16,Laptop,39,4740,1856
2027-04-17,Headphones,16,8304,262
2027-04-18,Phone,27,7368,720
2027-04-19,Headphones,66,1001,1104
2027-04-20,Headphones,8,9028,2364
2027-04-21,Laptop,65,8755,2254
2027-04-22,Laptop,27,5504,718
2027-04-23,Phone,92,4707,457
2027-04-24,Tablet,59,3544,1297
2027-04-25,Tablet,57,6164,1648
2027-04-26,Headphones,31,4215,2867
2027-04-27,Laptop,55,7614,1433
2027-04-28,Laptop,81,6291,2877
2027-04-29,Laptop,38,3813,2668
2027-04-30,Laptop,77,3504,1477
2027-05-01,Phone,87,2405,1612
2027-05-02,Laptop,71,4991,2214
2027-05-03,Tablet,67,3658,805
2027-05-04,Tablet,29,6413,1317
2027-05-05,Headphones,24,7106,1701
2027-05-06,Laptop,77,9248,1876
2027-05-07,Phone,85,9015,2774
2027-05-08,Tablet,5,8893,1515
2027-05-09,Headphones,80,1571,874
2027-05-10,Headphones,73,3338,2463
2027-05-11,Phone,74,7108,2756
2027-05-12,Tablet,90,6882,1435
2027-05-13,Headphones,84,5253,2087
2027-05-14,Phone,44,6279,1156
2027-05-15,Laptop,18,3713,928
2027-05-16,Phone,74,7109,1485
2027-05-17,Laptop,51,6342,2182
2027-05-18,Tablet,16,1489,645
2027-05-19,Laptop,65,1465,2098
2027-05-20,Laptop,29,6842,1804
2027-05-21,Headphones,26,5028,2308
2027-05-22,Phone,27,6182,1864
2027-05-23,Phone,18,2099,625
2027-05-24,Headphones,82,3690,2058
2027-05-25,Phone,65,2195,2134
2027-05-26,Tablet,82,1379,567
2027-05-27,Headphones,16,6838,2658
2027-05-28,Headphones,47,8238,931
2027-05-29,Laptop,16,1390,2775
2027-05-30,Tablet,53,9251,423
2027-05-31,Tablet,95,4302,1981
2027-06-01,Tablet,60,9854,1839
2027-06-02,Laptop,13,7193,2741
2027-06-03,Tablet,3,8384,346
2027-06-04,Headphones,33,1080,2403
2027-06-05,Headphones,94,9608,1310
2027-06-06,Phone,81,5045,1991
2027-06-07,Headphones,49,5856,1140
2027-06-08,Headphones,19,5308,1357
2027-06-09,Laptop,59,2853,1691
2027-06-10,Laptop,41,5742,667
2027-06-11,Laptop,58,1209,2104
2027-06-12,Laptop,6,9712,1331
2027-06-13,Tablet,20,3451,673
2027-06-14,Phone,99,4909,1144
2027-06-15,Tablet,52,8900,1650
2027-06-16,Tablet,89,4748,200
2027-06-17,Headphones,50,4645,1484
2027-06-18,Phone,76,7645,1180
2027-06-19,Phone,4,1875,2462
2027-06-20,Phone,3,8624,2488
2027-06-21,Laptop,7,8758,1911
2027-06-22,Phone,49,1843,205
2027-06-23,Phone,1,1576,1947
