Date,Temperature,Humidity,Wind Speed,Rainfall
2022-01-01,17.8,74.2,18.5,44.3
2022-01-02,27.8,82.3,6.6,28.3
2022-01-03,24.4,96.0,9.5,2.7
2022-01-04,12.9,23.9,10.5,35.9
2022-01-05,30.9,77.5,22.4,39.6
2022-01-06,16.4,83.8,10.8,0.1
2022-01-07,24.5,69.4,10.9,7.7
2022-01-08,30.6,65.1,2.0,40.8
2022-01-09,35.2,26.5,7.9,21.2
2022-01-10,16.4,52.8,6.2,25.0
2022-01-11,38.6,36.9,9.0,5.3
2022-01-12,38.4,93.1,8.2,27.0
2022-01-13,26.0,43.7,15.2,42.7
2022-01-14,31.5,97.8,18.9,21.9
2022-01-15,17.7,28.3,19.5,4.5
2022-01-16,39.2,42.7,19.5,19.8
2022-01-17,11.4,20.3,4.5,35.8
2022-01-18,14.4,77.0,21.7,35.6
2022-01-19,34.0,35.4,22.2,49.6
2022-01-20,19.0,35.1,21.0,12.1
2022-01-21,10.2,63.7,11.2,0.8
2022-01-22,17.8,25.7,24.7,43.4
2022-01-23,24.1,68.2,1.0,35.8
2022-01-24,30.0,78.2,18.7,42.1
2022-01-25,15.1,35.0,13.5,30.9
2022-01-26,20.1,82.4,11.5,3.6
2022-01-27,20.8,29.3,13.8,45.3
2022-01-28,26.0,66.4,15.0,14.0
2022-01-29,18.8,44.1,14.8,36.7
2022-01-30,16.3,27.8,15.7,9.2
2022-01-31,24.0,31.5,6.4,44.1
2022-02-01,38.2,86.3,18.2,4.5
2022-02-02,38.4,81.1,7.1,21.8
2022-02-03,27.3,98.1,24.8,45.0
2022-02-04,11.7,50.2,13.4,25.3
2022-02-05,26.3,87.1,14.1,12.1
2022-02-06,27.4,36.7,15.8,23.0
2022-02-07,27.7,24.5,23.0,39.9
2022-02-08,31.3,51.8,22.1,49.7
2022-02-09,24.6,49.2,16.2,11.3
2022-02-10,21.5,41.1,4.9,5.6
2022-02-11,24.9,20.2,1.5,46.0
2022-02-12,28.0,95.7,24.6,34.7
2022-02-13,29.7,44.8,24.5,24.7
2022-02-14,13.2,90.8,15.5,32.0
2022-02-15,19.7,42.1,1.3,21.7
2022-02-16,21.1,84.3,9.0,45.4
2022-02-17,10.4,63.5,12.3,33.5
2022-02-18,29.4,33.8,20.0,12.8
2022-02-19,11.9,49.5,7.2,5.3
2022-02-20,29.5,70.9,17.6,11.3
2022-02-21,39.4,93.8,6.6,17.7
2022-02-22,37.1,52.1,13.8,44.0
2022-02-23,37.4,26.8,9.9,3.2
2022-02-24,29.1,71.8,12.4,8.0
2022-02-25,38.5,58.6,5.4,26.2
2022-02-26,39.8,60.4,17.1,48.7
2022-02-27,21.7,52.4,20.3,48.0
2022-02-28,22.0,86.9,8.0,25.1
2022-03-01,31.9,24.4,1.8,49.5
2022-03-02,24.0,62.2,13.3,48.1
2022-03-03,10.9,41.8,2.9,12.0
2022-03-04,12.7,99.6,8.9,13.6
2022-03-05,28.6,65.1,2.0,35.4
2022-03-06,18.5,32.7,10.5,39.0
2022-03-07,20.3,58.3,24.4,12.5
2022-03-08,22.2,23.9,3.0,16.0
2022-03-09,11.0,26.1,23.0,9.0
2022-03-10,34.6,86.8,3.0,44.8
2022-03-11,28.5,25.0,17.9,47.1
2022-03-12,20.7,83.4,21.6,18.8
2022-03-13,20.8,36.8,19.2,28.4
2022-03-14,13.4,93.7,11.3,23.4
2022-03-15,34.5,43.0,8.6,20.5
2022-03-16,34.6,64.0,24.3,30.2
2022-03-17,15.7,73.3,23.6,46.6
2022-03-18,37.5,96.3,17.0,47.9
2022-03-19,30.9,63.6,21.2,30.5
2022-03-20,14.0,53.9,9.5,36.0
2022-03-21,16.2,74.3,11.0,22.5
2022-03-22,16.8,28.5,17.5,14.9
2022-03-23,24.5,29.4,1.0,6.6
2022-03-24,19.7,36.0,13.2,19.9
2022-03-25,19.8,44.3,11.4,13.1
2022-03-26,10.2,24.1,10.3,26.3
2022-03-27,28.6,32.0,19.0,12.0
2022-03-28,23.1,47.1,16.6,38.9
2022-03-29,13.8,42.4,21.0,35.0
2022-03-30,32.1,74.0,6.9,48.7
2022-03-31,27.5,85.5,7.4,8.2
2022-04-01,13.2,24.5,21.6,13.7
2022-04-02,35.9,23.4,16.7,3.6
2022-04-03,22.6,47.7,24.0,32.4
2022-04-04,32.0,89.4,2.9,10.0
2022-04-05,31.8,68.9,5.6,4.5
2022-04-06,23.1,96.7,21.1,32.7
2022-04-07,14.4,48.4,11.1,27.8
2022-04-08,25.7,68.6,6.8,0.1
2022-04-09,30.8,44.9,2.4,20.2
2022-04-10,25.8,74.9,15.0,23.1
2022-04-11,31.5,98.2,8.7,8.1
2022-04-12,18.8,30.4,24.7,34.1
2022-04-13,34.9,25.2,3.0,15.3
2022-04-14,23.5,96.1,13.7,41.5
2022-04-15,26.1,34.4,4.9,23.0
2022-04-16,17.6,77.6,11.9,31.5
2022-04-17,23.5,56.2,13.7,49.1
2022-04-18,31.5,22.3,24.3,39.1
2022-04-19,19.0,85.0,10.0,31.7
2022-04-20,10.9,93.7,2.9,4.3
2022-04-21,23.1,48.5,6.1,23.9
2022-04-22,24.0,99.2,6.5,3.0
2022-04-23,33.9,75.0,12.8,23.7
2022-04-24,32.8,48.4,8.3,36.1
2022-04-25,26.9,81.1,5.2,29.4
2022-04-26,23.1,72.2,8.0,35.2
2022-04-27,16.0,29.4,22.6,24.3
2022-04-28,13.5,93.7,20.4,44.4
2022-04-29,29.0,32.8,15.9,5.7
2022-04-30,26.5,38.5,17.3,43.0
2022-05-01,12.5,94.5,14.8,26.3
2022-05-02,29.1,28.1,14.4,1.3
2022-05-03,30.9,76.3,19.3,8.3
2022-05-04,22.3,62.8,22.5,20.3
2022-05-05,13.3,81.0,2.2,13.5
2022-05-06,36.6,21.9,22.4,25.5
2022-05-07,34.8,83.1,8.2,9.6
2022-05-08,30.4,84.1,24.5,44.6
2022-05-09,36.7,44.6,20.1,19.9
2022-05-10,20.7,78.2,7.9,25.9
2022-05-11,16.5,87.0,4.0,34.4
2022-05-12,11.7,51.6,8.1,43.2
2022-05-13,18.4,78.2,8.6,35.0
2022-05-14,25.4,86.2,1.5,31.4
2022-05-15,30.3,52.6,3.6,14.9
2022-05-16,18.9,66.6,9.7,11.0
2022-05-17,28.4,31.9,16.5,25.6
2022-05-18,15.0,22.0,11.2,27.1
2022-05-19,16.8,88.4,3.1,32.6
2022-05-20,14.3,36.5,24.8,40.2
2022-05-21,20.4,22.2,19.6,44.7
2022-05-22,28.3,52.2,10.3,12.8
2022-05-23,26.7,27.6,23.9,11.6
2022-05-24,37.1,80.5,5.0,10.2
2022-05-25,23.9,58.0,24.0,1.7
2022-05-26,36.9,21.2,13.3,49.1
2022-05-27,21.3,90.6,17.8,43.2
2022-05-28,17.7,94.0,15.4,36.6
2022-05-29,10.9,49.1,11.5,19.2
2022-05-30,38.9,66.7,7.1,40.1
2022-05-31,37.2,70.7,3.3,32.9
2022-06-01,30.0,34.7,14.7,41.6
2022-06-02,26.3,28.0,11.2,14.7
2022-06-03,13.2,93.8,4.4,14.4
2022-06-04,26.7,59.4,23.0,44.9
2022-06-05,19.7,38.0,16.7,47.7
2022-06-06,32.1,50.1,3.4,32.9
2022-06-07,22.1,51.3,18.1,34.7
2022-06-08,37.6,48.8,15.2,49.7
2022-06-09,15.8,58.5,6.7,20.6
2022-06-10,14.4,44.3,8.4,15.6
2022-06-11,24.0,42.9,23.8,28.0
2022-06-12,27.1,72.9,2.1,27.9
2022-06-13,29.8,69.0,11.5,32.7
2022-06-14,15.4,74.5,20.8,20.3
2022-06-15,19.3,67.3,24.1,13.1
2022-06-16,33.9,41.3,18.0,38.1
2022-06-17,39.3,96.7,5.4,14.7
2022-06-18,20.0,98.9,7.4,2.8
2022-06-19,26.5,98.9,7.3,12.5
2022-06-20,29.2,98.3,16.7,48.8
2022-06-21,27.3,30.2,24.4,13.6
2022-06-22,29.2,21.7,16.7,16.0
2022-06-23,31.2,51.6,18.1,24.4
2022-06-24,38.0,82.5,19.8,29.2
2022-06-25,20.2,38.0,8.1,19.1
2022-06-26,15.8,98.1,18.9,13.9
2022-06-27,30.8,53.4,7.1,49.5
2022-06-28,10.9,80.6,9.8,24.1
2022-06-29,18.2,90.4,10.6,2.9
2022-06-30,37.2,49.0,21.7,15.1
2022-07-01,13.5,54.0,7.3,24.6
2022-07-02,28.7,37.3,2.1,15.7
2022-07-03,27.7,78.1,6.4,11.2
2022-07-04,26.5,46.2,4.5,20.7
2022-07-05,22.2,75.9,16.2,17.1
2022-07-06,37.2,78.3,21.1,42.4
2022-07-07,26.8,74.3,11.0,5.0
2022-07-08,16.1,28.9,13.0,6.2
2022-07-09,30.6,38.6,7.3,4.5
2022-07-10,20.3,60.9,22.6,21.2
2022-07-11,21.4,67.2,16.7,6.7
2022-07-12,14.5,35.1,22.5,13.5
2022-07-13,19.6,94.7,8.5,38.5
2022-07-14,17.0,30.8,9.1,31.4
2022-07-15,23.8,54.7,16.6,9.2
2022-07-16,16.9,63.3,7.3,39.2
2022-07-17,22.3,61.2,6.8,14.6
2022-07-18,10.6,93.0,23.2,13.0
2022-07-19,13.7,47.7,10.0,7.4
2022-07-20,17.2,47.4,9.4,27.2
2022-07-21,35.4,79.6,3.1,44.0
2022-07-22,17.6,30.1,22.8,20.7
2022-07-23,36.9,95.7,3.3,39.5
2022-07-24,10.0,30.1,7.6,16.3
2022-07-25,24.4,20.2,20.7,31.0
2022-07-26,24.8,71.8,20.3,44.8
2022-07-27,38.9,24.9,16.3,47.6
2022-07-28,35.0,93.8,17.0,20.8
2022-07-29,27.4,92.2,17.9,41.3
2022-07-30,39.3,54.5,23.3,29.7
2022-07-31,30.3,38.9,24.4,3.9
2022-08-01,26.5,48.6,5.0,24.5
2022-08-02,29.5,36.8,3.4,15.5
2022-08-03,37.7,65.1,3.9,38.9
2022-08-04,38.3,55.0,20.8,22.8
2022-08-05,38.6,70.1,13.9,39.6
2022-08-06,36.6,48.0,6.7,14.7
2022-08-07,28.9,38.8,19.3,47.0
2022-08-08,24.5,80.0,13.6,32.8
2022-08-09,36.6,36.7,3.5,48.4
2022-08-10,16.0,70.3,6.5,21.9
2022-08-11,34.5,74.8,1.3,12.2
2022-08-12,37.3,92.8,19.4,13.7
2022-08-13,14.2,53.6,5.5,43.2
2022-08-14,14.3,96.3,13.9,42.5
2022-08-15,25.5,78.4,1.7,16.4
2022-08-16,23.3,41.5,4.8,43.0
2022-08-17,39.5,56.1,9.1,16.9
2022-08-18,18.2,64.6,18.6,21.4
2022-08-19,17.7,25.6,24.1,43.1
2022-08-20,10.6,58.5,18.8,11.9
2022-08-21,22.2,52.7,7.6,35.1
2022-08-22,30.5,80.0,6.9,12.4
2022-08-23,29.9,61.2,6.9,14.7
2022-08-24,32.7,44.2,24.6,17.2
2022-08-25,31.1,57.4,14.4,32.0
2022-08-26,22.3,45.9,14.0,11.0
2022-08-27,15.3,96.8,13.2,49.2
2022-08-28,35.8,85.3,14.8,25.0
2022-08-29,36.1,53.6,5.6,45.2
2022-08-30,28.4,65.7,9.9,18.2
2022-08-31,11.9,50.6,18.5,11.3
2022-09-01,35.2,77.5,10.9,44.6
2022-09-02,15.2,76.4,11.8,28.0
2022-09-03,22.1,75.0,4.1,33.7
2022-09-04,24.4,39.7,17.3,30.7
2022-09-05,33.6,48.7,19.2,20.2
2022-09-06,17.9,76.8,24.1,3.8
2022-09-07,39.6,93.8,16.5,33.9
2022-09-08,31.2,81.5,21.1,40.3
2022-09-09,35.7,47.9,9.1,19.6
2022-09-10,19.4,95.4,8.8,31.4
2022-09-11,33.1,98.0,21.9,46.9
2022-09-12,34.0,49.7,15.2,6.3
2022-09-13,21.5,40.3,5.9,30.2
2022-09-14,39.6,38.4,20.6,11.5
2022-09-15,27.4,24.8,18.6,40.9
2022-09-16,30.3,33.9,15.7,14.0
2022-09-17,37.8,34.9,23.7,25.3
2022-09-18,23.7,31.8,23.6,34.5
2022-09-19,26.6,92.1,3.6,3.1
2022-09-20,12.4,74.4,23.6,45.7
2022-09-21,24.4,97.9,11.0,38.1
2022-09-22,39.2,29.9,13.3,7.6
2022-09-23,28.9,29.0,24.5,41.9
2022-09-24,12.5,89.8,18.4,35.6
2022-09-25,12.0,69.1,13.2,9.6
2022-09-26,27.6,53.5,13.8,3.9
2022-09-27,25.3,35.5,8.1,39.2
2022-09-28,21.1,98.7,3.7,37.5
2022-09-29,21.6,30.4,11.9,10.4
2022-09-30,17.6,76.4,24.1,21.5
2022-10-01,30.9,75.6,17.7,36.2
2022-10-02,23.6,39.2,19.5,21.0
2022-10-03,34.5,29.0,15.1,28.4
2022-10-04,34.3,47.8,9.2,10.4
2022-10-05,28.2,25.2,22.2,15.4
2022-10-06,29.5,21.4,20.3,48.6
2022-10-07,25.9,77.9,21.0,21.6
2022-10-08,18.7,51.7,18.9,26.1
2022-10-09,34.2,43.9,6.6,8.4
2022-10-10,32.5,86.2,16.1,31.0
2022-10-11,13.6,42.7,15.6,31.2
2022-10-12,28.4,96.6,24.9,17.2
2022-10-13,21.5,54.1,21.9,40.9
2022-10-14,28.3,98.7,2.0,28.5
2022-10-15,37.4,34.1,11.4,45.0
2022-10-16,25.4,67.9,24.0,17.3
2022-10-17,28.8,74.3,16.3,28.1
2022-10-18,33.2,31.7,20.8,2.4
2022-10-19,33.0,62.3,2.9,15.6
2022-10-20,18.8,72.9,21.2,45.4
2022-10-21,26.6,83.9,12.0,3.1
2022-10-22,11.0,50.9,22.8,10.5
2022-10-23,13.6,90.3,11.2,31.5
2022-10-24,14.1,38.7,14.5,48.3
2022-10-25,10.9,98.4,14.6,14.3
2022-10-26,22.8,43.7,4.5,7.7
2022-10-27,18.5,21.3,21.8,37.6
2022-10-28,39.3,66.5,8.2,13.3
2022-10-29,14.4,82.6,22.3,29.9
2022-10-30,18.9,26.7,21.8,3.5
2022-10-31,10.6,68.9,22.6,20.7
2022-11-01,23.9,48.1,2.0,9.1
2022-11-02,26.5,90.0,3.7,7.2
2022-11-03,30.2,93.7,6.2,15.5
2022-11-04,28.5,52.7,13.3,41.7
2022-11-05,10.6,92.4,11.6,5.8
2022-11-06,11.6,26.8,6.8,22.0
2022-11-07,32.0,96.7,12.8,21.2
2022-11-08,16.5,90.7,24.7,30.4
2022-11-09,21.3,62.0,2.3,40.3
2022-11-10,27.4,83.6,22.0,48.1
2022-11-11,23.6,76.8,3.0,25.3
2022-11-12,16.8,53.5,15.6,7.6
2022-11-13,35.3,36.9,12.6,24.6
2022-11-14,31.1,84.2,13.9,48.7
2022-11-15,28.6,77.9,13.7,14.2
2022-11-16,15.3,87.7,2.5,49.8
2022-11-17,31.4,77.1,24.6,19.0
2022-11-18,19.5,97.2,22.6,38.5
2022-11-19,35.7,54.2,17.2,12.8
2022-11-20,38.1,28.8,1.6,7.8
2022-11-21,13.9,39.3,7.5,2.3
2022-11-22,15.9,60.3,2.2,27.3
2022-11-23,25.0,57.1,23.2,24.9
2022-11-24,21.5,41.7,21.0,19.2
2022-11-25,11.2,73.9,12.6,20.0
2022-11-26,13.5,73.3,15.2,13.1
2022-11-27,31.7,39.8,1.0,22.3
2022-11-28,17.4,48.3,3.4,39.9
2022-11-29,31.1,34.6,14.6,44.7
2022-11-30,15.9,52.2,18.3,29.0
2022-12-01,17.4,25.9,12.2,36.4
2022-12-02,16.2,97.6,14.8,36.2
2022-12-03,19.0,85.1,15.2,0.4
2022-12-04,34.7,43.6,18.3,31.3
2022-12-05,27.0,43.8,4.9,5.0
2022-12-06,28.2,42.5,11.0,28.6
2022-12-07,27.8,66.8,17.0,10.9
2022-12-08,27.7,57.3,8.6,28.8
2022-12-09,39.2,90.5,7.4,37.1
2022-12-10,20.5,61.0,12.7,21.9
2022-12-11,33.0,87.9,14.1,25.1
2022-12-12,32.9,46.1,11.8,3.0
2022-12-13,13.1,59.5,11.5,10.4
2022-12-14,16.8,37.2,17.5,26.4
2022-12-15,11.6,51.9,15.8,29.9
2022-12-16,30.1,66.8,13.2,49.4
2022-12-17,11.5,24.6,18.9,0.6
2022-12-18,27.4,49.3,7.7,49.1
2022-12-19,35.9,66.8,11.2,46.1
2022-12-20,17.9,84.8,2.0,37.4
2022-12-21,28.8,95.9,20.4,0.3
2022-12-22,10.9,93.8,2.8,7.1
2022-12-23,32.4,32.8,10.0,37.0
2022-12-24,30.1,35.9,19.4,46.9
2022-12-25,12.1,69.8,15.5,26.0
2022-12-26,24.5,56.5,22.9,27.8
2022-12-27,17.2,91.0,14.0,29.8
2022-12-28,26.8,32.5,2.2,22.4
2022-12-29,26.6,68.9,15.2,4.4
2022-12-30,21.9,36.9,19.8,7.0
2022-12-31,18.0,85.4,16.7,35.4
2023-01-01,37.6,97.9,6.2,42.4
2023-01-02,26.4,71.8,20.9,41.6
2023-01-03,28.3,84.7,14.8,23.6
2023-01-04,35.2,81.6,20.0,19.6
2023-01-05,30.3,38.5,2.3,29.9
2023-01-06,29.1,98.7,20.4,49.0
2023-01-07,12.7,87.3,4.0,44.7
2023-01-08,32.1,46.2,11.9,12.8
2023-01-09,28.2,76.2,6.0,49.3
2023-01-10,22.0,71.7,6.3,18.7
2023-01-11,38.2,36.5,19.7,5.9
2023-01-12,23.5,66.6,22.4,3.6
2023-01-13,34.8,28.6,19.3,21.6
2023-01-14,18.7,81.2,15.9,43.1
2023-01-15,10.5,22.0,15.0,30.3
2023-01-16,28.7,63.5,21.5,28.9
2023-01-17,10.8,43.2,15.3,27.7
2023-01-18,20.9,63.0,1.1,0.8
2023-01-19,30.9,94.1,24.5,14.6
2023-01-20,13.1,85.9,10.3,37.3
2023-01-21,37.9,48.7,13.2,14.9
2023-01-22,36.1,98.1,5.5,8.7
2023-01-23,23.3,62.8,21.3,8.0
2023-01-24,23.6,82.8,4.3,31.6
2023-01-25,38.0,20.5,1.6,7.9
2023-01-26,28.7,21.8,24.3,24.9
2023-01-27,18.8,62.5,22.1,35.9
2023-01-28,10.8,92.7,1.1,43.9
2023-01-29,11.1,50.1,15.7,44.4
2023-01-30,19.4,59.6,24.4,18.2
2023-01-31,15.3,45.8,10.1,20.4
2023-02-01,21.4,57.8,23.2,14.2
2023-02-02,24.3,22.9,24.9,9.8
2023-02-03,33.7,93.5,15.1,9.4
2023-02-04,21.8,73.2,11.0,1.9
2023-02-05,34.8,29.3,18.2,43.8
2023-02-06,12.7,50.2,5.3,32.4
2023-02-07,23.1,71.3,6.5,31.3
2023-02-08,31.3,92.7,19.8,4.3
2023-02-09,39.4,71.0,7.4,2.1
2023-02-10,36.2,85.5,5.3,44.7
2023-02-11,26.5,37.6,5.9,2.2
2023-02-12,17.9,66.0,18.2,20.5
2023-02-13,30.6,34.7,1.0,30.4
2023-02-14,28.6,95.9,5.6,20.2
2023-02-15,14.7,57.4,20.2,42.4
2023-02-16,22.6,23.0,22.0,33.3
2023-02-17,29.8,57.9,7.7,40.7
2023-02-18,11.5,93.3,6.3,40.3
2023-02-19,14.8,86.7,14.3,32.0
2023-02-20,15.8,22.0,11.7,4.8
2023-02-21,12.3,94.2,6.6,9.3
2023-02-22,12.8,86.2,1.7,29.4
2023-02-23,15.3,79.1,9.5,14.5
2023-02-24,24.5,35.6,13.5,15.1
2023-02-25,12.0,52.8,18.4,8.1
2023-02-26,28.7,32.3,4.1,7.4
2023-02-27,12.5,98.2,23.9,46.8
2023-02-28,30.5,72.9,22.8,22.7
2023-03-01,20.4,58.0,16.2,14.4
2023-03-02,27.0,59.7,17.0,12.2
2023-03-03,37.1,21.7,7.5,45.1
2023-03-04,11.2,74.4,2.0,30.4
2023-03-05,33.8,68.2,21.1,33.8
2023-03-06,16.8,29.5,24.0,14.1
2023-03-07,11.3,72.0,12.5,48.0
2023-03-08,33.3,83.5,9.7,44.6
2023-03-09,33.2,59.6,22.1,49.3
2023-03-10,36.8,23.2,18.6,40.8
2023-03-11,19.2,72.7,19.2,15.9
2023-03-12,16.5,71.5,18.7,12.7
2023-03-13,27.6,20.9,14.3,33.4
2023-03-14,19.6,25.2,10.5,24.9
2023-03-15,22.5,78.0,1.9,7.4
2023-03-16,30.7,23.7,3.0,7.9
2023-03-17,35.6,40.5,19.9,39.5
2023-03-18,13.1,38.4,19.0,17.8
2023-03-19,31.3,57.6,24.0,46.6
2023-03-20,35.1,44.5,3.4,30.0
2023-03-21,17.0,43.8,10.1,6.8
2023-03-22,24.5,47.1,23.8,45.6
2023-03-23,19.9,83.9,19.8,8.4
2023-03-24,23.3,25.5,20.7,41.3
2023-03-25,22.4,71.6,17.3,32.2
2023-03-26,39.0,92.3,24.1,46.0
2023-03-27,20.2,34.5,17.2,15.1
2023-03-28,37.4,80.1,6.9,33.9
2023-03-29,10.9,45.5,8.4,32.0
2023-03-30,30.8,61.3,23.4,2.9
2023-03-31,28.4,86.7,22.3,15.4
2023-04-01,23.0,31.2,9.6,28.0
2023-04-02,39.6,99.3,15.0,36.1
2023-04-03,19.0,68.5,2.8,4.0
2023-04-04,27.1,42.8,19.5,45.1
2023-04-05,19.8,34.7,13.6,17.4
2023-04-06,36.3,28.6,10.8,13.3
2023-04-07,30.2,48.7,2.4,33.6
2023-04-08,36.2,82.4,23.0,25.9
2023-04-09,27.7,41.4,16.0,12.0
2023-04-10,15.0,44.7,9.7,37.6
2023-04-11,35.5,98.1,21.9,33.4
2023-04-12,23.6,60.5,5.5,24.1
2023-04-13,28.1,97.1,12.9,49.0
2023-04-14,38.3,61.6,15.0,26.2
2023-04-15,16.8,59.4,19.0,38.0
2023-04-16,28.5,57.8,1.2,44.3
2023-04-17,29.1,29.5,2.4,32.6
2023-04-18,30.1,48.7,12.2,6.1
2023-04-19,27.7,50.2,7.6,26.2
2023-04-20,30.7,94.6,5.2,7.3
2023-04-21,10.7,71.0,8.9,7.4
2023-04-22,13.1,74.3,5.9,0.8
2023-04-23,17.4,60.4,19.7,3.8
2023-04-24,26.6,86.8,1.0,39.7
2023-04-25,16.6,37.3,6.7,13.1
2023-04-26,31.5,89.1,24.0,48.9
2023-04-27,20.8,99.3,5.5,11.3
2023-04-28,21.9,87.6,21.3,20.3
2023-04-29,21.4,42.2,13.0,15.4
2023-04-30,13.7,59.9,7.1,2.6
2023-05-01,31.5,46.4,14.2,29.0
2023-05-02,24.5,83.1,15.0,47.9
2023-05-03,34.1,67.0,17.8,25.6
2023-05-04,22.9,31.4,5.3,44.3
2023-05-05,33.9,62.9,2.2,37.4
2023-05-06,10.8,85.3,12.7,31.9
2023-05-07,34.5,35.6,9.0,10.1
2023-05-08,12.5,27.8,2.3,29.1
2023-05-09,38.5,53.3,3.8,1.2
2023-05-10,28.7,86.1,7.7,14.8
2023-05-11,39.9,26.9,5.1,26.5
2023-05-12,23.9,99.4,15.5,8.7
2023-05-13,35.1,88.9,22.2,8.4
2023-05-14,40.0,85.1,17.5,32.9
2023-05-15,13.0,48.4,11.4,31.6
2023-05-16,24.9,45.6,17.6,20.0
2023-05-17,13.1,23.1,18.2,39.4
2023-05-18,23.2,66.1,17.5,21.6
2023-05-19,30.0,42.8,4.6,44.8
2023-05-20,39.9,66.5,9.2,18.8
2023-05-21,15.1,78.7,15.9,36.7
2023-05-22,39.9,67.8,12.1,23.6
2023-05-23,35.4,98.6,20.5,19.7
2023-05-24,11.4,68.8,5.9,26.0
2023-05-25,35.9,90.0,22.5,12.1
2023-05-26,13.1,89.6,12.3,44.2
2023-05-27,33.1,31.1,12.0,15.9
2023-05-28,21.3,94.6,17.9,1.1
2023-05-29,36.5,66.2,21.3,37.1
2023-05-30,39.5,74.8,10.1,48.6
2023-05-31,27.9,83.8,12.2,34.8
2023-06-01,13.8,39.7,4.5,30.4
2023-06-02,38.9,22.1,23.7,1.3
2023-06-03,29.5,89.5,14.4,32.8
2023-06-04,30.5,64.5,12.2,1.3
2023-06-05,21.3,48.0,15.1,17.2
2023-06-06,25.6,44.6,7.1,34.9
2023-06-07,30.8,78.5,19.7,28.7
2023-06-08,24.9,99.9,20.2,13.3
2023-06-09,25.2,71.0,10.1,12.6
2023-06-10,39.4,90.4,5.3,37.9
2023-06-11,35.9,95.1,9.5,32.4
2023-06-12,11.6,97.6,15.5,7.4
2023-06-13,36.2,23.9,16.9,13.7
2023-06-14,34.0,60.2,2.6,25.5
2023-06-15,25.1,94.7,11.3,13.9
2023-06-16,11.3,42.4,24.7,42.1
2023-06-17,14.2,76.0,16.8,11.6
2023-06-18,21.9,70.0,18.1,25.1
2023-06-19,36.4,21.1,5.0,33.7
2023-06-20,10.2,66.5,10.0,10.0
2023-06-21,13.1,82.6,7.1,9.5
2023-06-22,22.3,62.5,17.4,0.7
2023-06-23,39.5,27.0,6.0,21.8
2023-06-24,18.6,50.4,5.5,35.8
2023-06-25,36.0,81.2,5.8,41.4
2023-06-26,11.6,98.2,14.4,3.9
2023-06-27,38.8,32.1,20.4,18.6
2023-06-28,16.3,99.4,1.2,34.8
2023-06-29,32.4,27.5,16.1,45.1
2023-06-30,10.2,73.5,4.2,13.0
2023-07-01,31.0,97.6,23.7,32.1
2023-07-02,23.5,80.5,7.5,3.2
2023-07-03,37.8,91.1,8.6,41.5
2023-07-04,31.7,48.4,18.9,0.2
2023-07-05,38.1,54.7,11.5,32.6
2023-07-06,17.2,39.8,1.9,8.6
2023-07-07,24.4,23.6,9.8,25.0
2023-07-08,21.1,97.2,23.5,17.4
2023-07-09,27.9,62.6,3.6,18.5
2023-07-10,13.4,32.8,18.1,20.0
2023-07-11,23.2,54.7,22.2,7.8
2023-07-12,15.1,61.7,13.4,32.9
2023-07-13,12.9,43.1,6.7,9.7
2023-07-14,32.0,92.5,7.4,4.4
2023-07-15,33.8,81.5,20.0,30.4
2023-07-16,20.7,53.0,24.6,1.8
2023-07-17,21.6,94.7,19.6,7.0
2023-07-18,37.7,25.2,21.0,46.1
2023-07-19,23.6,49.5,10.8,37.5
2023-07-20,23.2,49.5,1.3,14.5
2023-07-21,29.0,28.7,16.7,11.1
2023-07-22,17.0,38.7,22.9,39.7
2023-07-23,35.4,38.0,8.4,37.7
2023-07-24,13.3,47.9,9.1,9.7
2023-07-25,39.0,88.6,11.3,34.1
2023-07-26,20.1,90.5,8.5,38.6
2023-07-27,30.4,47.5,15.8,46.1
2023-07-28,39.7,52.6,17.7,8.0
2023-07-29,15.4,71.8,16.2,28.9
2023-07-30,39.8,40.4,16.1,6.5
2023-07-31,30.5,49.1,16.6,48.9
2023-08-01,38.4,37.3,24.9,33.4
2023-08-02,31.1,68.3,19.9,12.2
2023-08-03,32.7,93.0,14.5,9.8
2023-08-04,11.8,55.2,3.3,32.7
2023-08-05,35.8,88.6,13.2,11.7
2023-08-06,28.8,72.7,12.7,14.6
2023-08-07,30.5,80.9,21.0,46.3
2023-08-08,37.7,62.4,21.3,9.2
2023-08-09,11.2,87.3,14.8,31.4
2023-08-10,36.6,76.2,22.4,33.0
2023-08-11,30.0,37.3,9.0,25.4
2023-08-12,19.4,47.0,13.8,27.7
2023-08-13,20.3,44.9,11.0,14.3
2023-08-14,29.7,79.9,10.7,0.0
2023-08-15,21.9,63.4,11.2,27.8
2023-08-16,15.2,20.1,15.1,33.9
2023-08-17,33.7,35.0,10.8,24.1
2023-08-18,38.1,89.4,15.0,48.7
2023-08-19,19.0,32.0,21.9,8.7
2023-08-20,37.5,33.3,13.6,17.7
2023-08-21,32.1,24.5,20.3,26.4
2023-08-22,11.3,25.1,15.1,6.9
2023-08-23,39.5,76.0,9.3,14.3
2023-08-24,22.7,29.6,1.4,24.4
2023-08-25,34.3,81.6,17.7,49.7
2023-08-26,13.7,64.5,1.2,45.0
2023-08-27,17.0,85.3,7.6,17.0
2023-08-28,19.4,67.6,22.3,1.8
2023-08-29,37.6,61.5,7.4,23.9
2023-08-30,39.3,88.4,17.7,40.1
2023-08-31,14.1,91.0,14.5,26.2
2023-09-01,17.7,36.8,21.3,46.7
2023-09-02,34.5,44.8,3.2,35.9
2023-09-03,19.8,34.5,2.9,8.1
2023-09-04,30.0,95.0,19.6,30.3
2023-09-05,20.4,97.6,10.8,16.0
2023-09-06,34.4,49.9,1.7,48.1
2023-09-07,17.4,64.0,24.5,14.9
2023-09-08,37.9,63.8,11.0,20.7
2023-09-09,26.9,40.3,22.0,0.2
2023-09-10,32.3,89.6,9.4,32.0
2023-09-11,35.7,85.2,13.5,29.2
2023-09-12,30.8,82.1,17.9,15.9
2023-09-13,33.0,42.8,21.3,5.7
2023-09-14,11.1,28.2,23.7,38.7
2023-09-15,22.4,39.0,12.0,27.4
2023-09-16,29.5,81.3,12.3,2.8
2023-09-17,37.0,95.0,19.0,37.7
2023-09-18,15.8,94.7,19.5,5.0
2023-09-19,39.6,70.0,5.3,25.7
2023-09-20,17.3,71.5,13.7,23.5
2023-09-21,25.5,70.9,3.3,20.0
2023-09-22,19.8,59.3,14.2,45.5
2023-09-23,24.2,65.2,17.2,8.1
2023-09-24,28.7,93.2,8.1,40.1
2023-09-25,21.0,26.8,12.7,3.4
2023-09-26,39.5,39.7,11.5,24.3
2023-09-27,36.3,40.7,16.2,25.8
2023-09-28,18.9,73.8,4.1,42.3
2023-09-29,25.0,97.3,2.8,43.3
2023-09-30,29.6,98.7,6.4,24.0
2023-10-01,27.1,43.9,6.0,3.8
2023-10-02,24.4,65.3,3.5,35.8
2023-10-03,17.7,92.8,13.8,31.7
2023-10-04,20.1,81.1,5.3,7.0
2023-10-05,38.1,68.4,9.2,41.5
2023-10-06,12.5,49.1,19.6,49.1
2023-10-07,12.2,70.9,2.2,16.3
2023-10-08,24.1,58.4,1.1,8.6
2023-10-09,13.6,56.6,19.5,3.7
2023-10-10,29.6,49.6,24.7,3.8
2023-10-11,38.2,21.8,3.9,43.5
2023-10-12,37.1,76.8,24.7,29.3
2023-10-13,19.1,31.1,17.3,43.3
2023-10-14,29.6,80.5,4.5,7.8
2023-10-15,25.9,48.8,10.3,38.3
2023-10-16,26.6,90.4,20.1,12.9
2023-10-17,14.0,85.9,15.5,44.8
2023-10-18,32.5,41.2,8.5,8.8
2023-10-19,14.6,88.9,7.5,28.1
2023-10-20,19.7,42.9,19.5,49.7
2023-10-21,10.7,23.1,13.7,24.1
2023-10-22,29.3,37.9,16.9,11.2
2023-10-23,27.6,26.0,22.2,6.5
2023-10-24,37.7,33.4,24.2,8.0
2023-10-25,34.7,60.4,20.6,45.6
2023-10-26,31.0,75.0,15.3,37.3
2023-10-27,18.6,31.2,19.4,37.3
2023-10-28,29.4,91.1,24.1,8.6
2023-10-29,36.0,96.0,16.8,34.9
2023-10-30,27.5,91.2,16.1,9.6
2023-10-31,27.2,47.3,23.6,33.2
2023-11-01,12.4,42.5,17.6,40.7
2023-11-02,29.2,33.4,9.3,19.8
2023-11-03,15.2,57.9,7.0,48.2
2023-11-04,25.8,76.2,3.2,4.3
2023-11-05,22.4,78.6,4.0,8.9
2023-11-06,35.6,87.3,9.1,40.6
2023-11-07,18.1,22.9,8.3,33.4
2023-11-08,20.3,56.8,3.6,9.8
2023-11-09,21.6,50.4,9.8,23.6
2023-11-10,27.8,31.9,24.0,8.5
2023-11-11,22.3,77.1,1.2,31.8
2023-11-12,14.6,21.8,2.7,29.0
2023-11-13,22.2,88.2,11.5,13.6
2023-11-14,21.7,86.6,24.5,49.1
2023-11-15,25.5,75.2,23.7,45.5
2023-11-16,28.7,57.2,16.0,37.7
2023-11-17,23.2,27.9,23.6,37.1
2023-11-18,11.1,91.9,10.9,16.2
2023-11-19,29.8,71.8,6.1,49.8
2023-11-20,19.1,34.5,24.4,32.7
2023-11-21,27.8,56.2,14.5,37.2
2023-11-22,32.4,99.7,19.6,14.8
2023-11-23,33.2,58.6,4.6,47.7
2023-11-24,31.9,32.2,7.9,33.2
2023-11-25,22.8,22.5,20.2,28.5
2023-11-26,23.9,82.1,3.5,42.9
2023-11-27,30.1,86.8,8.0,46.7
2023-11-28,15.4,62.5,16.5,11.2
2023-11-29,13.8,95.6,2.9,2.9
2023-11-30,30.8,83.4,21.8,22.2
2023-12-01,14.9,40.7,18.3,0.5
2023-12-02,17.5,45.7,6.7,8.4
2023-12-03,13.0,54.2,17.1,32.9
2023-12-04,18.5,30.4,15.5,19.6
2023-12-05,20.1,33.3,13.0,45.9
2023-12-06,19.5,96.2,11.9,15.9
2023-12-07,39.8,56.5,19.9,40.2
2023-12-08,39.6,45.9,4.9,27.0
2023-12-09,20.3,55.1,17.7,25.9
2023-12-10,35.5,49.4,22.7,36.9
2023-12-11,14.3,83.2,14.2,14.3
2023-12-12,35.0,58.9,11.5,38.2
2023-12-13,37.7,75.9,24.6,37.7
2023-12-14,27.0,84.4,15.6,47.0
2023-12-15,35.5,26.8,9.6,18.0
2023-12-16,38.9,32.9,10.0,0.3
2023-12-17,20.0,70.8,24.1,21.0
2023-12-18,17.2,99.4,7.7,8.3
2023-12-19,39.7,78.3,15.6,48.2
2023-12-20,39.4,66.8,14.2,24.5
2023-12-21,15.5,27.7,12.4,36.4
2023-12-22,30.1,51.8,20.7,26.6
2023-12-23,22.2,56.8,3.7,18.9
2023-12-24,17.1,60.8,11.2,28.1
2023-12-25,27.6,57.9,7.5,27.0
2023-12-26,36.6,65.1,16.5,48.0
2023-12-27,22.5,65.2,22.4,32.2
2023-12-28,12.7,81.3,5.4,36.6
2023-12-29,15.0,25.5,12.1,22.9
2023-12-30,13.8,95.4,23.4,45.5
2023-12-31,29.8,69.8,22.1,26.2
2024-01-01,16.9,81.5,5.9,5.3
2024-01-02,33.5,21.9,17.0,36.9
2024-01-03,30.0,70.3,21.2,10.3
2024-01-04,29.3,62.4,22.1,10.6
2024-01-05,31.5,27.1,21.2,42.4
2024-01-06,35.1,76.6,13.5,29.1
2024-01-07,38.5,62.3,6.3,32.6
2024-01-08,16.1,28.3,6.3,49.5
2024-01-09,26.8,20.8,4.7,42.2
2024-01-10,31.8,41.1,18.0,27.4
2024-01-11,34.9,95.9,19.1,2.8
2024-01-12,26.1,54.4,13.5,28.2
2024-01-13,39.9,80.1,8.9,42.0
2024-01-14,25.7,79.3,13.3,31.0
2024-01-15,38.4,25.4,7.1,17.8
2024-01-16,39.3,48.4,21.5,28.5
2024-01-17,36.3,98.3,4.1,38.5
2024-01-18,22.7,88.2,17.4,7.3
2024-01-19,37.8,22.3,19.2,49.0
2024-01-20,17.1,39.9,4.5,27.0
2024-01-21,17.7,54.5,23.8,6.4
2024-01-22,19.8,88.2,17.2,1.6
2024-01-23,28.9,43.0,15.3,19.5
2024-01-24,10.5,68.2,15.8,47.5
2024-01-25,13.2,27.7,1.0,0.7
2024-01-26,26.7,56.3,14.3,15.5
2024-01-27,36.6,56.3,23.4,44.4
2024-01-28,17.3,44.0,17.4,49.7
2024-01-29,32.4,48.0,12.0,1.9
2024-01-30,19.6,94.9,5.1,2.9
2024-01-31,26.7,31.8,19.2,36.6
2024-02-01,15.6,45.8,5.2,9.3
2024-02-02,25.4,50.8,2.4,24.7
2024-02-03,39.9,27.8,19.2,22.9
2024-02-04,21.2,61.7,6.2,39.1
2024-02-05,20.6,65.8,14.4,6.5
2024-02-06,30.2,60.3,14.8,31.2
2024-02-07,26.5,23.5,4.1,30.7
2024-02-08,18.2,39.4,2.6,23.7
2024-02-09,35.9,27.7,11.4,12.4
2024-02-10,20.3,35.2,17.1,48.0
2024-02-11,16.2,46.8,18.9,18.6
2024-02-12,26.1,58.8,14.9,2.3
2024-02-13,35.6,93.5,18.5,20.8
2024-02-14,27.4,45.5,11.1,14.3
2024-02-15,34.4,27.2,10.4,28.1
2024-02-16,39.7,78.2,7.9,6.2
2024-02-17,31.1,37.1,10.4,44.5
2024-02-18,34.1,23.4,14.7,40.0
2024-02-19,15.9,45.8,2.2,44.3
2024-02-20,33.0,43.3,20.8,6.5
2024-02-21,22.6,91.1,18.3,17.9
2024-02-22,32.8,81.4,4.9,43.5
2024-02-23,24.0,63.6,11.3,11.2
2024-02-24,20.2,45.8,22.1,1.0
2024-02-25,24.8,54.2,17.6,25.7
2024-02-26,28.9,91.2,14.0,13.4
2024-02-27,29.9,92.1,10.5,1.6
2024-02-28,11.8,94.4,23.6,20.0
2024-02-29,23.2,34.9,8.2,40.0
2024-03-01,13.9,23.0,16.4,22.6
2024-03-02,31.6,52.6,24.6,19.8
2024-03-03,24.7,62.3,12.5,39.0
2024-03-04,30.7,55.4,9.5,35.6
2024-03-05,12.5,44.1,10.6,24.2
2024-03-06,31.2,61.4,7.2,49.7
2024-03-07,16.4,26.1,7.0,44.0
2024-03-08,10.9,55.7,17.3,16.3
2024-03-09,24.7,27.9,1.3,14.4
2024-03-10,29.4,99.6,6.5,8.6
2024-03-11,25.8,45.0,15.7,30.9
2024-03-12,19.7,76.1,13.4,5.9
2024-03-13,24.1,79.0,6.8,39.0
2024-03-14,27.6,44.2,3.3,33.2
2024-03-15,37.3,75.4,4.2,3.3
2024-03-16,30.5,26.6,12.3,31.4
2024-03-17,28.7,28.2,10.8,28.7
2024-03-18,18.1,59.5,8.1,21.7
2024-03-19,29.0,56.9,11.0,0.8
2024-03-20,18.3,93.0,17.6,5.1
2024-03-21,13.0,32.2,6.4,39.0
2024-03-22,23.6,84.6,11.6,47.7
2024-03-23,38.0,78.3,18.9,3.8
2024-03-24,26.0,65.3,16.7,25.2
2024-03-25,37.8,33.3,2.9,39.3
2024-03-26,21.0,34.1,11.3,3.2
2024-03-27,22.5,46.9,21.7,24.6
2024-03-28,14.6,55.7,14.2,32.5
2024-03-29,35.5,40.9,3.5,5.6
2024-03-30,27.4,34.6,8.5,21.7
2024-03-31,17.8,78.4,16.9,28.0
2024-04-01,38.6,26.2,16.1,21.0
2024-04-02,17.5,90.6,24.9,6.0
2024-04-03,23.3,23.4,19.2,5.4
2024-04-04,14.1,70.1,15.5,18.2
2024-04-05,22.1,39.5,23.4,29.0
2024-04-06,11.0,64.9,8.6,27.8
2024-04-07,37.3,62.1,14.1,35.7
2024-04-08,25.0,98.1,14.7,7.1
2024-04-09,24.4,44.9,23.0,48.1
2024-04-10,34.4,71.5,14.0,41.4
2024-04-11,14.1,45.6,5.2,13.2
2024-04-12,31.5,75.2,5.9,41.7
2024-04-13,10.3,91.5,14.7,1.9
2024-04-14,33.5,30.2,1.9,46.4
2024-04-15,14.1,34.8,5.1,30.1
2024-04-16,33.4,94.4,17.2,26.0
2024-04-17,23.2,93.0,16.5,3.8
2024-04-18,21.8,91.9,12.6,1.4
2024-04-19,28.3,81.8,5.4,20.3
2024-04-20,29.2,85.2,23.2,26.7
2024-04-21,35.0,24.7,19.9,5.1
2024-04-22,25.1,69.9,10.8,16.4
2024-04-23,36.1,63.8,6.7,30.9
2024-04-24,17.8,50.5,15.6,38.4
2024-04-25,22.0,36.2,9.0,35.7
2024-04-26,34.2,48.8,20.8,48.4
2024-04-27,16.9,78.9,14.3,44.2
2024-04-28,15.5,65.8,17.1,29.0
2024-04-29,14.0,38.3,9.7,11.9
2024-04-30,28.5,92.8,25.0,13.8
2024-05-01,14.8,41.7,10.9,26.4
2024-05-02,26.4,33.1,4.1,21.1
2024-05-03,22.6,80.3,15.3,25.1
2024-05-04,15.6,87.0,24.5,19.2
2024-05-05,17.5,80.5,9.1,10.0
2024-05-06,31.6,71.4,18.9,11.3
2024-05-07,11.0,97.8,16.0,6.1
2024-05-08,15.4,87.9,18.4,5.6
2024-05-09,18.0,64.7,14.6,16.4
2024-05-10,20.7,78.0,4.2,43.5
2024-05-11,26.4,29.0,10.7,4.9
2024-05-12,27.2,63.1,22.5,11.5
2024-05-13,20.7,70.1,14.6,42.1
2024-05-14,23.6,55.2,5.6,49.0
2024-05-15,25.5,37.7,21.9,24.0
2024-05-16,14.9,72.9,6.6,22.2
2024-05-17,38.3,45.7,16.8,29.0
2024-05-18,23.3,33.5,3.7,38.5
2024-05-19,19.5,24.7,21.3,45.6
2024-05-20,35.3,55.9,2.4,23.1
2024-05-21,12.6,27.9,10.3,47.7
2024-05-22,19.4,53.4,12.6,49.4
2024-05-23,22.0,66.5,3.3,17.6
2024-05-24,19.5,74.5,9.2,32.8
2024-05-25,14.4,93.8,9.5,12.5
2024-05-26,24.1,98.7,5.0,15.1
2024-05-27,38.4,56.5,22.0,19.4
2024-05-28,12.3,70.7,22.7,2.7
2024-05-29,34.3,28.7,1.1,19.2
2024-05-30,35.3,20.5,3.8,25.5
2024-05-31,37.7,68.0,21.6,33.4
2024-06-01,27.5,85.2,13.3,32.2
2024-06-02,11.3,48.1,7.9,6.4
2024-06-03,15.4,91.1,3.3,36.9
2024-06-04,15.1,37.9,22.3,34.9
2024-06-05,12.5,77.5,20.4,9.7
2024-06-06,32.4,48.2,11.5,4.9
2024-06-07,17.5,58.9,6.2,19.1
2024-06-08,39.1,59.0,20.8,1.0
2024-06-09,18.0,82.3,6.4,10.8
2024-06-10,22.3,80.5,10.9,38.2
2024-06-11,23.6,55.7,24.0,7.4
2024-06-12,10.2,42.1,11.8,40.8
2024-06-13,37.2,77.6,16.9,34.9
2024-06-14,37.0,77.1,9.7,17.4
2024-06-15,31.5,29.5,6.7,38.2
2024-06-16,18.0,29.0,10.7,8.9
2024-06-17,19.9,97.2,9.5,35.4
2024-06-18,13.5,71.0,4.2,32.0
2024-06-19,33.9,36.3,15.9,22.6
2024-06-20,35.4,54.8,5.7,1.0
2024-06-21,18.1,28.3,22.9,32.2
2024-06-22,37.0,37.4,11.1,40.7
2024-06-23,38.0,48.9,14.0,49.2
2024-06-24,25.0,60.2,22.4,48.2
2024-06-25,13.0,98.7,21.5,7.9
2024-06-26,12.8,97.7,15.0,38.6
2024-06-27,13.4,53.4,24.3,27.9
2024-06-28,32.2,96.6,8.1,27.4
2024-06-29,16.4,24.8,22.2,29.9
2024-06-30,30.5,65.7,8.1,45.0
2024-07-01,20.1,35.6,4.3,49.7
2024-07-02,39.7,77.6,3.3,45.3
2024-07-03,16.4,79.8,6.9,6.1
2024-07-04,13.4,66.5,5.2,38.2
2024-07-05,22.5,35.2,14.0,11.3
2024-07-06,23.9,54.8,9.5,43.2
2024-07-07,30.2,31.4,5.3,15.7
2024-07-08,25.9,46.7,12.6,46.4
2024-07-09,16.8,44.2,12.4,4.4
2024-07-10,36.8,53.3,10.0,14.7
2024-07-11,14.5,63.3,10.4,46.6
2024-07-12,12.8,73.8,9.9,23.3
2024-07-13,18.6,37.2,17.3,31.9
2024-07-14,21.0,90.8,24.2,25.2
2024-07-15,39.3,47.1,21.2,12.2
2024-07-16,34.8,80.1,9.8,38.6
2024-07-17,25.2,95.6,3.9,30.9
2024-07-18,26.8,95.0,12.8,37.6
2024-07-19,36.7,20.4,3.2,36.7
2024-07-20,32.6,55.4,10.3,30.5
2024-07-21,29.6,98.6,20.8,24.4
2024-07-22,26.3,57.6,19.8,44.7
2024-07-23,10.5,83.8,2.0,49.6
2024-07-24,27.4,68.3,5.3,16.1
2024-07-25,32.7,20.5,1.6,19.1
2024-07-26,38.6,58.3,2.9,5.6
2024-07-27,35.2,26.1,2.2,12.6
2024-07-28,33.4,41.0,2.1,48.2
2024-07-29,12.9,93.2,19.8,2.6
2024-07-30,34.7,21.0,17.1,29.8
2024-07-31,27.7,26.1,23.9,43.9
2024-08-01,23.1,90.3,21.8,39.9
2024-08-02,16.4,63.4,7.1,47.1
2024-08-03,26.5,71.8,15.7,20.5
2024-08-04,39.8,66.6,19.6,30.6
2024-08-05,25.5,64.0,8.7,32.7
2024-08-06,18.5,88.7,14.8,44.8
2024-08-07,21.0,78.3,8.6,26.6
2024-08-08,19.2,87.4,8.3,17.9
2024-08-09,27.6,22.0,13.3,39.5
2024-08-10,27.1,61.4,13.7,14.8
2024-08-11,16.0,34.2,2.8,17.1
2024-08-12,26.9,42.8,4.3,46.2
2024-08-13,39.5,92.0,19.3,31.5
2024-08-14,16.9,70.3,20.5,14.3
2024-08-15,17.7,58.1,13.9,13.3
2024-08-16,22.4,62.6,2.2,35.9
2024-08-17,15.5,97.9,4.9,0.1
2024-08-18,32.3,67.0,3.2,30.3
2024-08-19,38.3,20.7,19.4,37.9
2024-08-20,12.6,39.7,21.1,20.9
2024-08-21,11.0,27.7,20.1,21.6
2024-08-22,20.3,40.5,9.9,6.4
2024-08-23,32.7,90.1,11.5,27.9
2024-08-24,34.1,56.4,12.7,2.8
2024-08-25,10.4,57.2,17.1,9.8
2024-08-26,34.6,76.3,23.2,23.2
2024-08-27,20.4,98.0,13.7,46.8
2024-08-28,11.2,20.6,15.0,32.7
2024-08-29,32.9,93.4,17.2,29.9
2024-08-30,16.8,41.4,9.8,14.1
2024-08-31,27.6,22.3,17.2,28.8
2024-09-01,31.9,45.8,12.9,9.1
2024-09-02,21.8,80.6,20.8,5.0
2024-09-03,28.0,74.3,13.3,5.9
2024-09-04,10.2,96.8,12.8,28.6
2024-09-05,32.0,82.4,10.5,44.1
2024-09-06,21.5,66.2,19.0,40.4
2024-09-07,29.7,40.6,15.6,41.0
2024-09-08,30.8,47.3,20.3,16.0
2024-09-09,16.5,41.7,21.3,37.5
2024-09-10,38.8,50.6,24.8,6.8
2024-09-11,24.9,26.0,16.8,27.9
2024-09-12,13.2,42.7,14.8,12.1
2024-09-13,25.7,30.1,8.0,16.2
2024-09-14,13.0,60.2,20.0,29.6
2024-09-15,33.5,34.8,6.0,31.5
2024-09-16,20.3,57.4,13.2,38.4
2024-09-17,31.9,78.2,8.3,44.1
2024-09-18,33.6,39.2,10.4,4.3
2024-09-19,10.7,56.5,5.0,39.8
2024-09-20,28.6,30.2,17.4,27.9
2024-09-21,14.7,93.8,11.0,29.6
2024-09-22,37.5,81.5,12.2,15.9
2024-09-23,15.5,79.4,20.4,31.6
2024-09-24,10.4,58.7,8.1,33.8
2024-09-25,22.7,72.2,21.8,35.2
2024-09-26,12.3,54.8,12.0,19.8
2024-09-27,33.4,90.8,1.7,34.1
2024-09-28,13.0,98.7,22.1,29.7
2024-09-29,33.1,61.1,5.0,4.4
2024-09-30,22.4,43.1,21.5,41.6
2024-10-01,21.5,93.8,7.4,38.2
2024-10-02,33.1,50.9,3.1,48.3
2024-10-03,30.0,33.1,6.3,42.8
2024-10-04,23.4,40.6,14.4,48.0
2024-10-05,22.0,89.5,4.6,19.4
2024-10-06,28.4,93.0,17.9,24.0
2024-10-07,37.0,53.1,14.8,49.7
2024-10-08,37.9,50.8,21.4,29.6
2024-10-09,30.9,46.1,17.3,38.2
2024-10-10,17.3,58.4,2.7,21.2
2024-10-11,37.1,76.6,10.5,24.1
2024-10-12,13.7,95.5,5.3,8.2
2024-10-13,16.2,79.8,12.8,34.5
2024-10-14,22.8,25.4,11.0,0.8
2024-10-15,13.1,95.0,8.3,35.4
2024-10-16,24.5,59.5,17.1,6.1
2024-10-17,22.4,61.2,6.8,41.9
2024-10-18,33.5,75.7,7.4,29.6
2024-10-19,23.6,87.3,18.2,17.7
2024-10-20,28.2,78.4,5.4,32.5
2024-10-21,35.7,78.5,20.1,7.5
2024-10-22,13.1,93.1,16.7,21.3
2024-10-23,14.4,43.7,19.1,23.3
2024-10-24,15.0,55.4,8.6,24.3
2024-10-25,39.1,40.8,8.2,31.8
2024-10-26,13.6,58.9,7.4,27.4
2024-10-27,37.5,66.5,14.3,48.7
2024-10-28,15.1,94.3,16.1,22.4
2024-10-29,16.2,92.2,24.4,48.6
2024-10-30,22.0,76.4,11.3,38.7
2024-10-31,38.0,66.4,6.9,12.3
2024-11-01,28.2,92.5,17.4,17.7
2024-11-02,27.6,26.0,18.2,46.3
2024-11-03,13.7,28.7,23.8,39.1
2024-11-04,16.6,96.7,15.0,28.5
2024-11-05,20.6,41.0,11.3,7.0
2024-11-06,21.4,73.1,22.2,43.5
2024-11-07,36.7,89.1,20.4,37.7
2024-11-08,14.5,28.5,12.0,15.4
2024-11-09,11.1,33.6,7.1,46.8
2024-11-10,19.3,62.3,1.7,33.8
2024-11-11,36.7,93.3,10.4,38.6
2024-11-12,28.2,90.7,18.0,1.5
2024-11-13,16.8,25.7,16.7,28.7
2024-11-14,18.5,40.7,14.8,43.0
2024-11-15,36.9,61.6,18.4,24.4
2024-11-16,18.0,52.2,18.6,45.7
2024-11-17,23.1,27.7,14.6,11.1
2024-11-18,16.1,21.0,20.3,49.7
2024-11-19,18.5,93.4,6.1,14.7
2024-11-20,17.6,25.2,12.2,20.6
2024-11-21,11.5,86.6,5.4,40.6
2024-11-22,24.8,85.6,18.7,2.2
2024-11-23,34.5,47.2,16.3,20.0
2024-11-24,33.4,62.7,14.8,18.6
2024-11-25,16.9,35.5,10.7,6.4
2024-11-26,32.2,77.1,3.9,5.4
2024-11-27,34.3,55.3,22.6,29.7
2024-11-28,16.7,99.3,24.8,24.7
2024-11-29,12.6,54.8,21.0,42.2
2024-11-30,26.9,71.6,8.2,34.2
2024-12-01,21.0,53.4,24.2,44.4
2024-12-02,10.7,89.7,13.6,20.1
2024-12-03,35.9,92.7,17.7,38.6
2024-12-04,30.7,90.2,19.3,19.0
2024-12-05,32.5,36.2,12.0,34.5
2024-12-06,38.2,88.8,22.7,39.9
2024-12-07,17.4,33.2,7.8,25.9
2024-12-08,33.2,41.1,12.4,39.2
2024-12-09,27.5,53.4,12.4,40.4
2024-12-10,31.6,74.8,12.9,6.2
2024-12-11,13.4,26.7,10.1,15.6
2024-12-12,38.6,78.2,23.9,37.5
2024-12-13,34.1,38.5,6.2,48.0
2024-12-14,34.0,59.2,13.4,38.0
2024-12-15,16.4,71.0,24.5,13.1
2024-12-16,39.5,45.4,20.6,30.6
2024-12-17,14.0,87.3,24.6,27.7
2024-12-18,33.7,58.3,8.9,38.7
2024-12-19,39.5,95.7,20.0,48.9
2024-12-20,33.4,47.5,20.4,14.1
2024-12-21,33.9,20.1,23.3,48.0
2024-12-22,14.1,80.1,5.9,42.0
2024-12-23,35.3,60.0,21.6,27.9
2024-12-24,28.3,22.2,5.1,45.5
2024-12-25,33.4,32.4,24.8,43.8
2024-12-26,31.2,91.8,17.7,15.1
2024-12-27,37.2,35.0,18.9,2.3
2024-12-28,13.7,93.0,20.5,33.9
2024-12-29,25.6,88.7,12.8,29.4
2024-12-30,30.6,91.7,10.5,45.4
2024-12-31,30.5,28.7,7.5,12.7
2025-01-01,32.4,68.2,16.6,34.7
2025-01-02,17.6,22.2,9.4,20.7
2025-01-03,28.8,38.5,11.9,4.2
2025-01-04,32.1,39.1,11.6,21.6
2025-01-05,10.8,67.6,3.7,16.7
2025-01-06,26.6,85.4,15.0,22.0
2025-01-07,33.0,62.0,20.1,49.7
2025-01-08,30.0,29.0,5.3,42.9
2025-01-09,18.4,43.3,1.6,4.8
2025-01-10,32.5,90.7,10.2,48.1
2025-01-11,38.6,75.9,25.0,25.6
2025-01-12,23.7,73.4,20.5,39.3
2025-01-13,30.2,75.3,19.5,27.6
2025-01-14,29.9,66.1,16.9,20.7
2025-01-15,25.4,61.6,24.8,3.9
2025-01-16,36.6,78.5,8.1,30.1
2025-01-17,30.0,73.7,11.0,7.9
2025-01-18,23.6,80.3,20.7,8.7
2025-01-19,29.6,95.4,2.5,6.2
2025-01-20,34.3,27.8,13.8,3.7
2025-01-21,22.6,38.5,16.2,25.3
2025-01-22,14.9,20.3,6.0,16.3
2025-01-23,36.8,59.0,18.9,22.4
2025-01-24,32.1,52.1,22.0,10.2
2025-01-25,16.1,90.5,10.3,45.6
2025-01-26,32.5,98.8,19.8,36.5
2025-01-27,23.8,91.0,4.6,23.7
2025-01-28,31.6,88.4,14.2,6.1
2025-01-29,35.2,87.7,22.9,8.5
2025-01-30,27.2,68.2,1.5,40.1
2025-01-31,27.8,71.3,11.6,11.9
2025-02-01,21.0,20.4,8.5,19.3
2025-02-02,14.9,84.9,23.9,48.5
2025-02-03,22.0,43.9,7.0,22.9
2025-02-04,19.5,21.6,9.3,15.9
2025-02-05,10.8,85.2,19.9,20.3
2025-02-06,27.2,96.3,3.2,33.9
2025-02-07,36.3,80.1,15.0,35.4
2025-02-08,34.8,88.2,21.7,6.9
2025-02-09,29.9,73.2,10.8,7.8
2025-02-10,19.2,29.3,11.0,31.1
2025-02-11,12.0,69.3,3.6,31.6
2025-02-12,35.7,43.0,18.3,12.9
2025-02-13,35.3,65.3,20.9,25.2
2025-02-14,25.7,82.0,13.0,10.3
2025-02-15,12.6,71.6,13.7,43.2
2025-02-16,31.9,78.8,4.4,7.6
2025-02-17,25.5,63.4,8.5,6.1
2025-02-18,36.8,82.9,14.1,48.1
2025-02-19,21.6,88.6,2.7,19.9
2025-02-20,21.8,61.5,12.9,32.2
2025-02-21,16.5,49.9,8.7,31.2
2025-02-22,12.2,56.5,10.1,46.4
2025-02-23,32.5,30.8,17.1,24.7
2025-02-24,20.3,92.4,3.3,12.5
2025-02-25,31.8,82.8,5.3,37.0
2025-02-26,34.1,95.3,23.2,46.7
2025-02-27,28.3,69.8,7.3,49.6
2025-02-28,28.8,55.4,3.3,43.4
2025-03-01,38.2,75.0,24.2,1.5
2025-03-02,26.3,72.9,3.3,6.9
2025-03-03,30.0,93.0,16.3,45.0
2025-03-04,32.4,48.5,18.1,18.0
2025-03-05,26.3,78.3,12.7,44.1
2025-03-06,20.8,30.5,21.2,23.2
2025-03-07,32.6,72.0,11.1,44.7
2025-03-08,19.2,91.0,19.4,31.4
2025-03-09,30.1,71.7,22.8,4.6
2025-03-10,14.0,72.7,10.8,36.5
2025-03-11,38.2,68.0,10.8,18.2
2025-03-12,16.4,65.3,10.9,41.8
2025-03-13,35.2,36.6,2.5,21.9
2025-03-14,24.4,67.7,5.4,23.5
2025-03-15,36.4,37.4,11.9,16.7
2025-03-16,36.1,92.5,24.3,27.4
2025-03-17,36.2,50.2,2.8,49.6
2025-03-18,13.5,68.6,9.9,38.4
2025-03-19,25.9,66.8,16.7,7.0
2025-03-20,33.5,97.0,1.2,43.3
2025-03-21,15.1,90.5,17.3,38.0
2025-03-22,31.0,94.8,16.1,39.1
2025-03-23,25.6,100.0,5.2,19.0
2025-03-24,36.3,36.9,10.8,23.7
2025-03-25,19.5,45.1,19.0,31.2
2025-03-26,38.3,67.8,11.6,35.2
2025-03-27,29.9,92.8,20.6,34.6
2025-03-28,14.7,41.0,5.3,17.6
2025-03-29,29.4,27.5,20.5,34.4
2025-03-30,21.0,81.2,11.7,43.8
2025-03-31,37.3,60.0,14.1,11.5
2025-04-01,21.6,84.8,24.4,22.0
2025-04-02,34.6,85.9,7.8,2.2
2025-04-03,11.8,57.0,6.6,27.7
2025-04-04,18.5,70.2,4.5,37.0
2025-04-05,11.3,63.9,21.6,17.2
2025-04-06,38.0,97.5,16.2,6.2
2025-04-07,24.7,84.6,1.3,38.4
2025-04-08,29.4,45.3,17.6,5.2
2025-04-09,26.9,87.5,23.8,4.3
2025-04-10,15.7,46.2,11.6,34.6
2025-04-11,22.0,32.2,14.8,38.2
2025-04-12,13.4,40.9,15.6,42.8
2025-04-13,18.2,20.3,9.9,41.7
2025-04-14,14.8,81.2,12.6,6.0
2025-04-15,20.3,35.8,2.5,39.2
2025-04-16,13.8,66.2,9.0,47.7
2025-04-17,29.8,83.2,8.6,12.6
2025-04-18,14.1,46.7,24.6,17.6
2025-04-19,13.6,56.9,22.9,44.5
2025-04-20,20.6,89.6,20.7,10.7
2025-04-21,34.9,76.1,7.6,7.1
2025-04-22,17.7,63.7,13.9,48.8
2025-04-23,26.9,58.7,25.0,35.3
2025-04-24,31.0,23.8,5.0,20.4
2025-04-25,19.1,90.7,14.2,16.3
2025-04-26,14.8,65.0,9.9,10.5
2025-04-27,25.6,85.7,22.3,20.8
2025-04-28,16.6,72.0,14.2,21.5
2025-04-29,19.1,47.1,8.0,44.1
2025-04-30,16.2,60.1,4.5,19.9
2025-05-01,27.5,66.1,4.6,46.4
2025-05-02,36.6,50.0,5.2,0.6
2025-05-03,30.1,53.7,10.6,9.9
2025-05-04,34.8,25.5,15.2,4.9
2025-05-05,10.5,58.9,23.1,30.4
2025-05-06,18.6,61.1,15.5,27.7
2025-05-07,21.5,20.0,10.6,20.8
2025-05-08,23.7,43.9,15.7,14.7
2025-05-09,33.4,87.9,22.3,30.3
2025-05-10,10.8,60.6,12.6,11.3
2025-05-11,15.2,66.1,4.7,23.4
2025-05-12,11.3,96.8,10.4,25.9
2025-05-13,13.4,98.2,9.0,1.6
2025-05-14,39.6,29.2,20.1,22.4
2025-05-15,24.4,35.1,6.8,15.4
2025-05-16,24.7,90.7,3.5,26.0
2025-05-17,32.3,37.0,23.2,20.5
2025-05-18,15.7,59.3,22.6,28.4
2025-05-19,25.4,87.6,11.3,19.9
2025-05-20,24.4,59.5,3.9,30.2
2025-05-21,13.5,48.2,23.6,28.8
2025-05-22,27.9,89.3,6.2,1.6
2025-05-23,32.9,93.2,10.0,19.0
2025-05-24,30.3,51.1,16.5,28.4
2025-05-25,26.1,57.0,19.5,14.3
2025-05-26,38.3,25.9,13.9,17.7
2025-05-27,21.1,72.2,18.2,6.7
2025-05-28,21.4,30.6,1.6,10.3
2025-05-29,10.8,75.7,16.1,37.9
2025-05-30,12.5,71.6,12.0,7.7
2025-05-31,17.6,94.8,24.2,18.2
2025-06-01,32.9,54.1,23.7,38.8
2025-06-02,14.7,69.0,6.2,33.6
2025-06-03,29.4,49.8,10.0,38.7
2025-06-04,14.8,45.9,17.8,26.4
2025-06-05,38.6,96.5,6.2,43.6
2025-06-06,20.5,62.8,24.9,21.1
2025-06-07,12.7,21.9,22.9,25.5
2025-06-08,14.7,96.0,12.9,12.1
2025-06-09,28.1,52.1,2.8,9.9
2025-06-10,19.7,81.1,10.0,39.9
2025-06-11,11.0,24.0,15.6,42.1
2025-06-12,15.1,24.0,17.0,17.5
2025-06-13,22.2,96.1,20.5,12.8
2025-06-14,18.8,94.2,15.3,46.7
2025-06-15,22.6,64.5,10.9,38.8
2025-06-16,38.4,71.2,17.3,37.4
2025-06-17,32.4,73.8,17.8,42.5
2025-06-18,38.5,66.4,16.8,14.3
2025-06-19,32.4,46.3,24.6,19.0
2025-06-20,32.1,86.7,3.7,1.9
2025-06-21,24.5,78.0,13.1,4.1
2025-06-22,31.1,94.4,17.2,37.8
2025-06-23,20.0,32.2,4.1,37.6
2025-06-24,30.1,91.4,10.1,5.7
2025-06-25,34.4,46.6,20.7,26.0
2025-06-26,25.2,51.7,14.5,30.9
2025-06-27,37.1,38.9,7.6,36.5
2025-06-28,39.9,90.7,1.7,19.7
2025-06-29,39.8,45.5,17.2,42.2
2025-06-30,28.4,75.3,11.0,31.1
2025-07-01,14.7,33.8,24.0,5.3
2025-07-02,27.4,55.4,19.7,48.0
2025-07-03,29.2,83.2,22.0,24.2
2025-07-04,18.7,92.4,10.3,22.9
2025-07-05,28.3,53.3,7.9,42.5
2025-07-06,19.3,96.2,12.7,16.1
2025-07-07,22.1,60.6,2.4,29.6
2025-07-08,16.7,98.3,10.6,46.0
2025-07-09,17.8,58.6,2.6,49.0
2025-07-10,39.4,45.1,21.5,36.0
2025-07-11,22.7,60.3,5.1,39.2
2025-07-12,27.3,36.4,1.4,36.5
2025-07-13,33.3,23.4,14.1,8.4
2025-07-14,21.5,96.1,9.1,19.4
2025-07-15,12.3,25.4,16.8,47.4
2025-07-16,29.8,87.6,4.0,13.6
2025-07-17,13.3,30.4,24.2,6.0
2025-07-18,13.7,88.3,7.9,14.8
2025-07-19,13.3,42.0,5.0,8.5
2025-07-20,17.6,32.1,15.5,31.8
2025-07-21,30.2,65.4,20.5,31.5
2025-07-22,32.8,49.6,13.3,19.2
2025-07-23,34.7,41.9,8.0,27.5
2025-07-24,10.6,26.8,23.4,5.8
2025-07-25,20.7,24.0,22.2,35.8
2025-07-26,36.3,99.5,13.4,20.1
2025-07-27,28.6,97.8,10.6,21.3
2025-07-28,28.4,25.9,10.5,19.7
2025-07-29,10.5,36.3,24.4,12.0
2025-07-30,24.3,59.9,8.8,11.6
2025-07-31,34.7,20.0,14.4,39.4
2025-08-01,29.0,44.5,9.2,25.8
2025-08-02,15.2,68.7,20.1,48.1
2025-08-03,28.0,92.7,20.4,35.7
2025-08-04,39.8,87.4,12.5,47.8
2025-08-05,16.8,93.7,24.7,27.2
2025-08-06,32.1,96.3,15.1,16.1
2025-08-07,21.6,83.2,7.8,33.7
2025-08-08,33.7,82.3,14.1,37.0
2025-08-09,16.0,58.6,16.1,43.6
2025-08-10,16.5,73.1,20.3,8.5
2025-08-11,33.3,52.2,6.1,2.1
2025-08-12,34.3,71.2,19.6,27.2
2025-08-13,25.7,52.4,7.0,37.8
2025-08-14,10.5,57.0,21.1,15.6
2025-08-15,15.3,50.1,14.9,28.3
2025-08-16,10.1,71.3,8.0,2.1
2025-08-17,33.2,80.5,14.7,13.8
2025-08-18,10.8,20.5,8.3,35.5
2025-08-19,11.9,79.3,21.2,20.6
2025-08-20,24.4,45.8,11.1,27.3
2025-08-21,18.7,42.5,16.2,36.8
2025-08-22,35.3,23.7,24.5,0.8
2025-08-23,12.1,66.0,5.5,29.3
2025-08-24,14.2,75.4,20.4,9.5
2025-08-25,19.2,84.8,19.2,5.8
2025-08-26,23.2,34.8,6.4,25.3
2025-08-27,35.3,79.0,9.6,31.5
2025-08-28,28.5,22.2,17.4,41.0
2025-08-29,18.2,37.9,16.9,39.2
2025-08-30,14.4,38.4,16.1,17.5
2025-08-31,13.3,97.0,16.5,14.0
2025-09-01,33.3,90.0,22.5,11.1
2025-09-02,27.2,90.7,22.2,32.5
2025-09-03,24.8,42.5,22.6,28.1
2025-09-04,27.0,90.0,17.5,48.3
2025-09-05,38.8,62.3,7.5,4.7
2025-09-06,30.5,71.8,24.5,12.4
2025-09-07,13.9,71.3,20.0,13.8
2025-09-08,11.4,72.1,21.0,16.9
2025-09-09,22.7,49.2,14.4,49.6
2025-09-10,38.2,39.4,8.1,4.0
2025-09-11,26.6,28.5,15.6,42.9
2025-09-12,11.0,28.8,21.0,23.8
2025-09-13,16.0,43.7,4.7,4.5
2025-09-14,30.6,90.7,15.5,8.3
2025-09-15,22.0,68.2,3.9,0.7
2025-09-16,29.2,80.6,3.9,2.0
2025-09-17,18.0,100.0,11.5,29.5
2025-09-18,31.6,84.1,9.2,7.4
2025-09-19,24.6,26.3,11.5,23.8
2025-09-20,23.4,48.9,12.2,18.0
2025-09-21,26.7,62.6,9.6,34.2
2025-09-22,16.9,44.7,20.6,35.1
2025-09-23,31.6,98.7,4.8,3.2
2025-09-24,28.3,67.6,12.2,21.1
2025-09-25,18.3,55.3,1.9,14.9
2025-09-26,31.5,67.2,19.2,21.7
2025-09-27,10.3,49.8,4.9,25.0
2025-09-28,17.3,39.8,23.8,50.0
2025-09-29,38.6,23.9,15.4,37.6
2025-09-30,14.6,23.4,16.0,18.0
2025-10-01,33.0,31.5,11.8,30.2
2025-10-02,33.1,39.7,17.8,17.9
2025-10-03,34.1,48.5,18.9,2.7
2025-10-04,10.3,77.7,3.6,40.0
2025-10-05,24.1,30.1,21.1,48.0
2025-10-06,30.3,65.9,3.5,12.8
2025-10-07,29.8,87.5,7.9,35.4
2025-10-08,24.6,89.6,17.4,1.5
2025-10-09,29.4,88.7,4.1,2.1
2025-10-10,23.4,49.9,18.3,23.9
2025-10-11,30.5,51.0,22.6,22.4
2025-10-12,21.3,68.1,7.7,38.7
2025-10-13,22.8,63.7,6.0,36.6
2025-10-14,11.2,20.9,1.6,32.6
2025-10-15,22.9,72.7,19.6,22.5
2025-10-16,32.6,82.0,18.1,2.5
2025-10-17,15.1,57.8,20.2,8.7
2025-10-18,26.4,49.5,16.0,15.1
2025-10-19,12.0,45.7,22.0,17.6
2025-10-20,35.9,80.5,14.1,14.1
2025-10-21,34.0,54.1,6.2,49.7
2025-10-22,13.9,83.8,10.4,9.0
2025-10-23,35.6,24.0,16.0,48.2
2025-10-24,27.7,50.9,22.7,27.8
2025-10-25,39.4,22.3,21.1,16.4
2025-10-26,31.0,63.5,1.9,39.8
2025-10-27,37.3,42.2,11.5,3.0
2025-10-28,16.6,63.9,24.1,30.2
2025-10-29,22.4,61.0,8.7,18.6
2025-10-30,27.0,46.2,25.0,13.8
2025-10-31,36.7,51.8,19.9,15.7
2025-11-01,11.4,40.4,18.4,5.0
2025-11-02,27.9,84.6,7.1,28.0
2025-11-03,29.5,28.0,17.3,10.5
2025-11-04,26.0,34.2,16.0,4.3
2025-11-05,37.2,96.3,7.0,25.9
2025-11-06,16.9,76.7,8.1,36.8
2025-11-07,35.9,58.3,24.3,30.0
2025-11-08,34.6,30.2,15.6,42.1
2025-11-09,24.9,35.1,2.7,46.7
2025-11-10,30.9,76.6,5.7,30.5
2025-11-11,35.4,66.0,9.8,3.4
2025-11-12,38.1,85.9,17.2,18.5
2025-11-13,11.4,29.8,21.0,40.9
2025-11-14,18.4,98.0,3.6,40.4
2025-11-15,21.9,31.5,19.6,29.9
2025-11-16,39.8,54.4,20.9,23.2
2025-11-17,32.4,79.2,3.4,43.0
2025-11-18,16.9,82.0,16.4,21.0
2025-11-19,30.0,95.1,15.6,30.5
2025-11-20,29.4,94.0,14.4,5.6
2025-11-21,16.4,26.6,11.9,24.2
2025-11-22,36.1,71.4,12.0,43.3
2025-11-23,35.9,28.6,7.3,47.9
2025-11-24,32.6,55.6,6.0,27.4
2025-11-25,31.2,81.8,1.3,3.7
2025-11-26,23.6,42.1,2.4,46.4
2025-11-27,39.7,54.3,10.1,45.4
2025-11-28,11.3,88.0,12.0,35.8
2025-11-29,17.6,32.5,2.6,10.8
2025-11-30,13.6,68.3,18.0,6.5
2025-12-01,11.7,34.9,22.8,25.6
2025-12-02,31.1,55.4,6.6,31.5
2025-12-03,19.3,99.9,3.4,17.2
2025-12-04,39.0,70.9,6.6,12.0
2025-12-05,16.0,67.9,13.5,9.9
2025-12-06,13.5,70.0,19.0,20.2
2025-12-07,39.2,22.9,2.7,27.3
2025-12-08,37.7,26.7,2.1,36.1
2025-12-09,26.5,48.2,14.5,21.9
2025-12-10,31.2,64.4,6.6,29.8
2025-12-11,18.5,43.2,6.8,14.9
2025-12-12,22.3,75.3,7.6,47.8
2025-12-13,34.0,90.2,24.6,12.8
2025-12-14,14.6,25.8,9.9,8.4
2025-12-15,34.8,32.1,1.9,1.9
2025-12-16,14.1,81.5,23.9,28.5
2025-12-17,17.7,49.9,14.0,32.0
2025-12-18,36.4,70.8,11.1,5.9
2025-12-19,13.7,85.5,13.9,17.5
2025-12-20,39.1,47.5,13.9,45.0
2025-12-21,32.5,39.5,16.8,1.9
2025-12-22,13.5,28.7,8.1,22.1
2025-12-23,15.2,91.3,5.0,4.0
2025-12-24,16.9,49.9,3.3,22.9
2025-12-25,21.8,41.5,6.8,16.0
2025-12-26,20.3,89.2,2.3,10.0
2025-12-27,27.1,65.6,12.7,28.8
2025-12-28,21.3,49.4,19.6,37.8
2025-12-29,36.9,40.0,2.3,32.2
2025-12-30,39.0,38.7,14.6,35.6
2025-12-31,32.1,24.2,6.6,38.5
2026-01-01,38.0,34.0,5.7,21.3
2026-01-02,30.8,51.3,1.9,31.0
2026-01-03,33.8,23.6,9.6,7.6
2026-01-04,23.5,20.2,20.6,33.0
2026-01-05,14.7,35.2,9.7,42.1
2026-01-06,36.4,34.0,5.8,14.9
2026-01-07,30.9,30.1,21.3,3.4
2026-01-08,35.0,43.2,12.2,35.2
2026-01-09,35.8,98.7,13.9,38.9
2026-01-10,22.5,96.6,3.5,2.0
2026-01-11,32.7,55.7,24.0,41.4
2026-01-12,18.9,83.2,15.2,36.3
2026-01-13,33.0,55.5,7.5,43.2
2026-01-14,19.2,64.1,3.5,38.8
2026-01-15,16.7,26.3,13.1,3.5
2026-01-16,25.4,35.7,4.4,10.9
2026-01-17,15.2,39.9,3.3,25.7
2026-01-18,11.7,21.0,18.0,42.1
2026-01-19,29.8,21.1,21.9,44.7
2026-01-20,26.2,45.2,21.5,35.7
2026-01-21,36.9,81.2,24.2,29.9
2026-01-22,18.1,21.0,8.6,19.4
2026-01-23,36.3,42.0,20.5,13.6
2026-01-24,31.4,84.4,23.3,41.4
2026-01-25,28.3,95.5,4.9,44.0
2026-01-26,21.9,85.2,1.6,19.9
2026-01-27,36.4,73.9,3.6,25.9
2026-01-28,29.3,76.7,19.2,46.2
2026-01-29,22.1,39.5,20.5,22.1
2026-01-30,34.2,62.4,2.6,39.1
2026-01-31,14.4,24.8,7.3,22.1
2026-02-01,25.2,24.6,19.8,8.9
2026-02-02,20.6,59.9,24.8,49.1
2026-02-03,12.0,43.1,5.8,36.7
2026-02-04,27.6,32.2,6.6,4.2
2026-02-05,37.0,57.5,8.2,39.7
2026-02-06,11.8,98.9,7.3,34.6
2026-02-07,11.9,81.8,12.4,29.5
2026-02-08,17.1,96.4,22.0,20.9
2026-02-09,36.0,51.7,11.7,33.1
2026-02-10,18.3,97.6,23.4,45.5
2026-02-11,35.0,79.7,17.3,38.7
2026-02-12,17.5,31.8,23.5,5.1
2026-02-13,38.9,89.4,16.5,14.8
2026-02-14,32.4,61.0,10.5,45.2
2026-02-15,17.9,50.9,3.7,13.4
2026-02-16,13.8,59.0,10.1,47.1
2026-02-17,20.1,65.6,1.1,1.4
2026-02-18,14.6,22.1,8.6,46.7
2026-02-19,20.7,23.9,17.8,41.4
2026-02-20,14.2,59.2,15.0,18.9
2026-02-21,30.0,76.5,23.3,12.1
2026-02-22,10.7,69.6,24.8,6.9
2026-02-23,17.7,22.3,14.7,23.4
2026-02-24,15.5,74.5,23.6,44.6
2026-02-25,19.6,61.1,17.6,9.5
2026-02-26,38.4,66.9,19.6,18.1
2026-02-27,14.5,95.8,11.4,44.4
2026-02-28,18.8,54.4,19.9,35.1
2026-03-01,23.2,37.8,7.9,30.9
2026-03-02,27.9,47.1,18.3,16.2
2026-03-03,12.3,80.5,13.5,32.4
2026-03-04,13.1,91.1,20.8,44.9
2026-03-05,25.0,20.7,16.6,40.5
2026-03-06,16.4,83.5,8.7,39.3
2026-03-07,27.2,70.7,18.4,26.9
2026-03-08,14.7,40.6,4.6,16.1
2026-03-09,20.0,32.7,14.2,46.7
2026-03-10,36.6,44.8,23.4,47.7
2026-03-11,19.6,39.6,18.1,40.8
2026-03-12,10.5,83.8,9.4,39.8
2026-03-13,13.3,46.0,11.7,20.7
2026-03-14,27.4,32.2,13.6,38.4
2026-03-15,13.8,94.1,6.4,8.2
2026-03-16,28.6,74.1,15.3,22.9
2026-03-17,19.1,86.5,16.2,39.3
2026-03-18,18.8,65.6,18.8,2.3
2026-03-19,32.7,58.9,3.2,40.7
2026-03-20,35.9,40.2,2.3,10.4
2026-03-21,37.4,94.0,24.8,26.2
2026-03-22,15.0,70.5,16.3,45.1
2026-03-23,19.6,94.4,20.5,32.9
2026-03-24,16.0,46.8,8.6,40.1
2026-03-25,13.4,61.6,6.7,8.8
2026-03-26,32.6,84.7,18.9,5.3
2026-03-27,33.7,66.4,5.0,40.0
2026-03-28,29.5,52.8,21.4,16.6
2026-03-29,34.5,74.7,8.9,15.1
2026-03-30,36.9,68.0,4.6,38.6
2026-03-31,29.2,93.5,18.1,24.4
2026-04-01,17.9,98.3,11.3,40.9
2026-04-02,34.9,21.0,12.4,30.2
2026-04-03,34.7,38.2,16.9,21.3
2026-04-04,14.3,97.7,8.9,7.4
2026-04-05,18.0,50.7,1.0,17.9
2026-04-06,17.5,75.0,7.8,44.1
2026-04-07,39.3,89.9,7.5,0.3
2026-04-08,18.0,20.1,14.3,0.0
2026-04-09,22.5,67.5,10.4,18.7
2026-04-10,26.4,80.6,14.7,42.0
2026-04-11,27.8,94.6,8.6,39.5
2026-04-12,20.5,76.1,18.2,48.6
2026-04-13,12.8,84.0,9.5,40.1
2026-04-14,22.1,89.1,24.1,24.7
2026-04-15,33.8,22.4,8.5,36.9
2026-04-16,26.8,97.8,4.0,26.5
2026-04-17,22.9,92.4,12.8,40.6
2026-04-18,24.5,94.4,21.3,8.9
2026-04-19,34.8,98.3,11.9,4.5
2026-04-20,31.2,66.0,8.8,12.2
2026-04-21,23.7,25.9,21.7,45.8
2026-04-22,31.2,26.9,13.2,41.7
2026-04-23,32.4,70.7,11.1,33.4
2026-04-24,35.9,29.9,14.2,46.8
2026-04-25,28.2,48.0,13.1,39.4
2026-04-26,13.9,66.3,24.9,9.8
2026-04-27,33.5,87.4,22.0,48.0
2026-04-28,30.9,28.8,7.9,18.3
2026-04-29,15.9,85.7,16.9,7.0
2026-04-30,16.2,89.4,18.3,49.0
2026-05-01,20.1,79.1,3.1,43.1
2026-05-02,15.9,67.6,10.2,41.7
2026-05-03,22.5,92.7,7.2,15.3
2026-05-04,16.7,83.1,1.4,41.3
2026-05-05,27.1,40.4,18.5,32.9
2026-05-06,29.9,24.3,19.6,4.7
2026-05-07,26.1,81.5,12.9,43.9
2026-05-08,38.7,94.6,7.0,15.7
2026-05-09,27.0,52.6,15.8,21.4
2026-05-10,22.1,51.0,13.0,31.6
2026-05-11,19.0,63.4,15.7,38.9
2026-05-12,12.2,96.9,11.6,43.4
2026-05-13,23.7,57.8,13.2,36.3
2026-05-14,28.4,77.1,21.8,12.1
2026-05-15,30.4,93.2,15.0,35.1
2026-05-16,25.2,56.2,23.5,37.4
2026-05-17,27.0,76.5,9.4,49.9
2026-05-18,37.3,29.3,17.9,11.7
2026-05-19,31.4,20.5,17.0,11.7
2026-05-20,15.5,81.7,2.9,42.1
2026-05-21,27.4,53.5,23.0,45.0
2026-05-22,36.9,45.4,15.8,45.0
2026-05-23,19.9,60.3,1.6,43.0
2026-05-24,26.8,92.3,15.1,47.7
2026-05-25,17.6,36.6,14.5,47.4
2026-05-26,11.0,50.1,13.9,26.8
2026-05-27,29.9,32.2,12.4,13.0
2026-05-28,31.0,55.2,14.8,26.9
2026-05-29,36.9,60.8,9.4,36.9
2026-05-30,29.6,88.6,19.7,31.4
2026-05-31,32.0,79.1,10.6,7.1
2026-06-01,33.7,36.0,24.8,16.8
2026-06-02,38.4,29.8,4.9,29.4
2026-06-03,26.9,31.5,18.5,10.9
2026-06-04,12.6,39.7,19.7,16.6
2026-06-05,29.9,86.8,8.8,32.2
2026-06-06,39.3,49.5,14.5,42.6
2026-06-07,13.9,31.2,16.3,0.6
2026-06-08,30.7,26.9,3.3,48.9
2026-06-09,21.3,23.5,20.1,44.8
2026-06-10,13.0,94.8,3.8,25.8
2026-06-11,33.7,39.7,16.3,11.0
2026-06-12,22.3,43.5,3.6,7.8
2026-06-13,15.2,52.0,5.2,3.4
2026-06-14,29.4,67.8,11.5,40.4
2026-06-15,15.3,73.9,5.7,37.1
2026-06-16,22.4,42.6,8.3,33.1
2026-06-17,39.9,59.0,5.9,31.1
2026-06-18,15.7,86.1,24.5,42.2
2026-06-19,29.1,33.9,21.7,9.3
2026-06-20,31.6,24.0,21.3,46.7
2026-06-21,30.1,29.0,20.8,17.5
2026-06-22,10.3,25.0,6.2,13.5
2026-06-23,31.0,57.4,4.7,44.4
2026-06-24,35.3,62.9,13.0,23.5
2026-06-25,18.4,34.2,11.3,40.2
2026-06-26,31.0,40.1,9.5,32.0
2026-06-27,34.1,46.3,21.0,11.3
2026-06-28,38.4,81.1,16.1,36.1
2026-06-29,39.7,37.4,16.3,35.2
2026-06-30,11.5,43.1,21.7,37.8
2026-07-01,10.8,34.2,20.9,29.4
2026-07-02,27.8,22.1,23.7,41.2
2026-07-03,21.7,64.9,8.2,9.1
2026-07-04,21.0,82.3,8.9,29.7
2026-07-05,30.7,54.6,20.3,21.2
2026-07-06,38.2,25.8,21.6,27.4
2026-07-07,15.5,84.9,4.6,16.5
2026-07-08,39.8,52.9,15.4,3.7
2026-07-09,23.9,79.2,17.4,31.7
2026-07-10,18.3,40.6,17.5,7.8
2026-07-11,22.2,43.9,10.3,35.7
2026-07-12,24.6,96.1,5.6,8.9
2026-07-13,24.2,26.7,2.4,4.8
2026-07-14,23.3,39.8,24.7,23.6
2026-07-15,25.1,69.2,23.0,44.6
2026-07-16,23.7,30.3,13.8,39.9
2026-07-17,10.9,30.7,1.1,47.3
2026-07-18,20.3,59.2,19.9,42.7
2026-07-19,33.5,41.8,6.4,29.2
2026-07-20,13.6,81.3,12.5,9.5
2026-07-21,10.3,43.6,9.9,21.0
2026-07-22,37.8,77.9,8.0,30.3
2026-07-23,29.6,66.0,20.7,32.0
2026-07-24,37.2,23.0,12.3,47.4
2026-07-25,10.0,81.8,20.8,9.6
2026-07-26,15.9,66.6,13.4,39.0
2026-07-27,20.0,23.7,16.5,35.9
2026-07-28,28.9,45.4,12.1,49.0
2026-07-29,21.4,88.9,15.3,13.3
2026-07-30,31.9,98.3,14.7,4.7
2026-07-31,15.1,79.9,9.1,32.9
2026-08-01,20.3,81.4,23.3,14.8
2026-08-02,36.6,59.3,6.7,41.4
2026-08-03,13.5,58.4,6.9,45.4
2026-08-04,24.7,35.3,17.1,43.9
2026-08-05,12.7,56.0,4.9,40.9
2026-08-06,16.6,83.6,13.5,12.9
2026-08-07,16.0,48.6,12.8,47.4
2026-08-08,12.0,75.4,23.2,2.5
2026-08-09,16.2,69.6,22.8,41.7
2026-08-10,25.0,34.9,17.6,37.4
2026-08-11,12.7,38.2,18.1,25.8
2026-08-12,19.9,59.7,2.6,25.2
2026-08-13,17.3,94.0,21.0,24.1
2026-08-14,30.3,61.2,24.8,0.2
2026-08-15,28.1,86.2,24.2,45.3
2026-08-16,32.6,29.7,6.9,2.7
2026-08-17,28.9,42.6,21.4,5.7
2026-08-18,33.4,97.5,14.9,35.5
2026-08-19,40.0,45.2,4.2,48.1
2026-08-20,23.2,62.2,9.6,15.4
2026-08-21,33.3,30.8,11.5,19.0
2026-08-22,24.7,23.7,15.7,28.7
2026-08-23,27.6,92.1,7.9,12.3
2026-08-24,17.7,51.2,15.7,2.0
2026-08-25,14.3,98.1,19.3,8.8
2026-08-26,37.3,89.5,2.3,47.9
2026-08-27,26.0,23.4,5.3,35.9
2026-08-28,24.6,63.3,16.9,39.2
2026-08-29,17.5,47.7,23.6,21.5
2026-08-30,39.3,82.1,16.6,10.9
2026-08-31,25.6,67.0,14.0,12.9
2026-09-01,11.9,64.9,9.0,10.4
2026-09-02,11.8,58.5,13.4,2.6
2026-09-03,11.9,46.1,24.6,13.2
2026-09-04,35.2,24.3,3.3,43.3
2026-09-05,21.8,27.0,19.0,37.6
2026-09-06,22.2,40.5,21.2,0.3
2026-09-07,14.8,97.1,2.0,1.3
2026-09-08,36.5,66.4,14.7,23.6
2026-09-09,19.5,35.5,17.1,45.1
2026-09-10,22.4,84.3,11.3,26.5
2026-09-11,34.6,25.6,19.6,22.9
2026-09-12,31.1,44.3,24.7,3.2
2026-09-13,14.9,55.7,14.3,19.4
2026-09-14,22.1,81.5,12.4,33.6
2026-09-15,18.8,21.5,9.0,14.2
2026-09-16,19.2,89.0,24.8,12.1
2026-09-17,18.6,64.6,3.0,17.9
2026-09-18,34.9,36.3,5.8,23.2
2026-09-19,26.3,21.3,3.9,7.6
2026-09-20,25.6,96.1,20.7,32.9
2026-09-21,19.8,33.2,15.9,11.8
2026-09-22,36.0,25.3,1.4,19.7
2026-09-23,32.3,88.8,19.2,22.5
2026-09-24,17.5,56.2,11.8,3.2
2026-09-25,32.3,71.1,11.6,47.1
2026-09-26,24.7,71.1,4.2,7.3
2026-09-27,36.6,67.7,8.3,5.6
2026-09-28,19.7,94.2,16.6,44.6
2026-09-29,19.5,60.5,6.8,33.4
2026-09-30,26.3,60.4,3.0,10.6
2026-10-01,30.9,56.6,2.0,30.2
2026-10-02,13.5,23.2,5.1,28.3
2026-10-03,25.4,99.2,21.3,22.7
2026-10-04,24.7,47.1,14.6,12.7
2026-10-05,19.0,74.1,20.1,26.0
2026-10-06,24.1,37.5,22.3,11.8
2026-10-07,26.1,30.8,4.3,7.2
2026-10-08,28.2,96.8,2.9,7.3
2026-10-09,39.3,43.2,13.4,13.0
2026-10-10,27.7,35.2,20.3,3.1
2026-10-11,39.0,90.2,19.7,34.5
2026-10-12,13.8,33.9,15.7,35.1
2026-10-13,30.2,74.5,5.7,2.0
2026-10-14,14.6,58.1,7.2,15.6
2026-10-15,34.1,87.1,20.1,34.4
2026-10-16,38.4,54.8,6.4,1.4
2026-10-17,34.9,48.6,8.3,18.2
2026-10-18,21.0,79.0,9.5,30.2
2026-10-19,19.5,89.0,12.8,34.6
2026-10-20,15.3,66.4,18.8,3.4
2026-10-21,16.8,63.3,7.2,6.2
2026-10-22,38.0,51.1,1.7,8.2
2026-10-23,19.1,64.2,21.9,3.3
2026-10-24,32.8,67.3,1.9,18.6
2026-10-25,14.7,25.1,7.2,16.8
2026-10-26,35.8,96.1,23.5,34.4
2026-10-27,37.2,87.8,5.1,38.9
2026-10-28,23.3,32.8,13.1,3.4
2026-10-29,19.9,65.2,2.3,14.7
2026-10-30,15.7,46.1,15.3,49.6
2026-10-31,18.0,77.1,22.4,41.6
2026-11-01,27.6,73.1,8.9,8.0
2026-11-02,13.9,23.4,19.6,39.3
2026-11-03,22.4,45.1,19.4,41.8
2026-11-04,10.9,80.0,7.8,49.2
2026-11-05,20.3,81.1,24.8,15.5
2026-11-06,18.4,69.8,18.5,43.1
2026-11-07,17.8,25.2,17.6,5.6
2026-11-08,28.3,90.0,18.3,31.6
2026-11-09,13.2,55.1,3.8,35.2
2026-11-10,24.4,88.3,21.7,0.5
2026-11-11,22.1,36.6,5.3,41.1
2026-11-12,39.2,50.0,19.6,2.4
2026-11-13,27.4,40.7,16.0,13.4
2026-11-14,28.4,90.9,4.8,3.4
2026-11-15,21.1,59.8,8.8,40.6
2026-11-16,32.8,51.5,9.7,4.3
2026-11-17,39.6,45.9,16.4,47.1
2026-11-18,16.5,51.6,22.9,42.7
2026-11-19,21.2,95.0,9.6,34.8
2026-11-20,18.4,46.9,3.0,32.4
2026-11-21,25.1,91.2,23.5,24.9
2026-11-22,30.8,79.1,8.0,48.5
2026-11-23,13.3,49.3,11.0,2.4
2026-11-24,11.8,89.1,16.4,35.6
2026-11-25,15.3,58.8,21.1,41.3
2026-11-26,13.5,94.3,23.3,26.1
2026-11-27,17.6,63.6,14.7,2.1
2026-11-28,34.5,50.6,1.3,8.7
2026-11-29,27.0,63.2,7.7,5.2
2026-11-30,10.6,94.5,12.2,28.5
2026-12-01,24.2,58.2,18.4,21.2
2026-12-02,26.2,72.4,11.8,45.1
2026-12-03,19.2,54.8,9.5,37.6
2026-12-04,16.9,21.1,10.6,46.4
2026-12-05,18.2,92.5,10.7,9.0
2026-12-06,32.8,73.2,12.3,2.5
2026-12-07,19.0,62.3,22.3,11.6
2026-12-08,32.7,86.4,12.4,9.4
2026-12-09,23.3,54.8,10.3,48.9
2026-12-10,24.0,39.2,2.3,23.3
2026-12-11,37.9,21.8,3.3,16.1
2026-12-12,19.1,35.7,6.1,0.4
2026-12-13,18.0,97.8,6.6,43.8
2026-12-14,30.8,55.4,8.2,40.2
2026-12-15,26.6,22.0,24.4,48.9
2026-12-16,37.4,57.1,21.3,4.6
2026-12-17,20.5,77.5,17.8,35.6
2026-12-18,12.5,68.5,10.8,34.6
2026-12-19,28.6,46.6,1.5,17.8
2026-12-20,28.9,82.5,16.1,19.7
2026-12-21,19.0,86.5,22.7,25.8
2026-12-22,38.6,88.6,16.3,33.5
2026-12-23,15.2,38.2,3.3,19.5
2026-12-24,21.1,63.0,13.3,14.6
2026-12-25,23.1,26.0,2.9,12.4
2026-12-26,24.7,60.9,24.5,25.8
2026-12-27,29.0,95.3,22.1,26.0
2026-12-28,22.9,90.5,5.8,27.0
2026-12-29,10.0,67.5,5.3,32.1
2026-12-30,29.5,65.6,16.4,34.8
2026-12-31,32.1,38.6,9.8,27.1
2027-01-01,35.0,39.4,18.1,42.9
2027-01-02,23.1,40.7,12.2,19.1
2027-01-03,15.0,87.6,22.5,37.0
2027-01-04,18.1,80.8,8.3,34.9
2027-01-05,20.7,55.2,6.8,47.7
2027-01-06,37.9,80.8,21.4,11.6
2027-01-07,34.9,77.6,15.7,30.7
2027-01-08,18.6,79.8,3.3,16.2
2027-01-09,27.4,57.2,5.4,8.3
2027-01-10,32.0,86.6,1.5,41.3
2027-01-11,34.1,97.7,22.8,3.1
2027-01-12,31.4,32.6,15.9,22.8
2027-01-13,21.9,70.9,22.8,7.5
2027-01-14,13.4,88.8,10.6,39.7
2027-01-15,14.0,93.0,21.7,1.8
2027-01-16,19.1,30.1,7.4,22.4
2027-01-17,17.0,34.1,11.2,5.5
2027-01-18,20.7,36.5,20.0,24.2
2027-01-19,14.9,89.6,19.6,20.2
2027-01-20,28.6,21.6,21.1,30.9
2027-01-21,16.9,72.7,18.1,16.4
2027-01-22,38.7,74.8,2.9,48.4
2027-01-23,25.5,87.0,4.1,19.1
2027-01-24,11.4,65.1,10.7,9.5
2027-01-25,11.0,52.2,2.3,0.7
2027-01-26,34.5,99.0,6.8,17.8
2027-01-27,35.7,26.2,14.1,41.8
2027-01-28,10.8,54.9,6.3,45.0
2027-01-29,17.2,65.0,23.5,28.8
2027-01-30,23.4,39.5,16.5,42.4
2027-01-31,30.2,79.0,1.6,25.2
2027-02-01,16.6,33.0,3.1,49.5
2027-02-02,34.9,98.0,17.4,48.1
2027-02-03,20.6,90.9,20.6,6.3
2027-02-04,28.8,57.8,22.8,49.1
2027-02-05,32.4,37.3,4.2,37.4
2027-02-06,35.7,39.3,6.3,11.0
2027-02-07,33.0,28.3,8.4,6.2
2027-02-08,31.3,31.8,11.3,33.9
2027-02-09,29.3,35.1,11.6,22.8
2027-02-10,12.3,92.4,23.6,11.1
2027-02-11,28.0,74.2,5.0,49.8
2027-02-12,10.2,53.8,21.9,11.0
2027-02-13,30.6,75.0,10.0,17.5
2027-02-14,38.6,63.6,24.9,41.9
2027-02-15,29.1,43.2,24.8,16.6
2027-02-16,32.4,56.7,16.8,32.9
2027-02-17,33.4,81.5,22.1,25.7
2027-02-18,27.9,22.7,24.2,8.4
2027-02-19,12.1,74.1,11.1,25.3
2027-02-20,33.1,87.3,14.8,14.0
2027-02-21,34.6,80.4,18.5,16.8
2027-02-22,12.8,44.9,8.6,39.0
2027-02-23,15.9,28.3,5.2,25.7
2027-02-24,35.9,62.8,11.7,22.5
2027-02-25,36.2,32.4,6.2,2.9
2027-02-26,36.3,37.9,16.1,44.1
2027-02-27,21.2,56.7,6.6,36.8
2027-02-28,24.0,41.4,7.7,0.5
2027-03-01,21.0,76.9,20.2,47.7
2027-03-02,17.9,66.9,4.3,43.0
2027-03-03,28.2,38.5,24.5,7.8
2027-03-04,31.9,34.2,15.0,5.9
2027-03-05,39.4,98.3,23.5,34.5
2027-03-06,15.7,95.2,11.4,14.8
2027-03-07,16.3,44.7,11.2,6.9
2027-03-08,21.7,67.1,19.5,44.1
2027-03-09,38.6,81.4,17.4,27.7
2027-03-10,14.1,48.5,16.2,41.8
2027-03-11,13.6,71.0,3.7,50.0
2027-03-12,26.6,49.4,19.8,2.1
2027-03-13,37.1,27.5,16.3,0.3
2027-03-14,14.8,51.2,14.9,43.3
2027-03-15,15.9,95.7,22.9,21.8
2027-03-16,27.1,89.1,14.8,27.9
2027-03-17,39.2,28.2,20.4,19.0
2027-03-18,15.9,69.7,8.8,3.0
2027-03-19,30.3,65.3,13.9,38.5
2027-03-20,20.1,54.5,5.6,37.7
2027-03-21,27.1,99.2,7.4,29.6
2027-03-22,26.3,53.4,14.7,9.5
2027-03-23,38.4,56.3,5.8,13.3
2027-03-24,12.1,78.9,23.3,26.6
2027-03-25,13.9,56.0,22.0,2.0
2027-03-26,15.8,47.9,22.6,44.5
2027-03-27,22.5,92.8,5.3,17.1
2027-03-28,15.2,43.4,1.7,18.1
2027-03-29,13.9,32.6,4.5,7.7
2027-03-30,11.6,38.6,16.1,7.1
2027-03-31,26.9,48.9,13.7,15.9
2027-04-01,13.3,51.4,7.6,14.6
2027-04-02,32.3,49.0,3.6,24.7
2027-04-03,32.4,98.6,6.9,9.5
2027-04-04,37.6,69.7,5.3,8.2
2027-04-05,37.7,27.8,2.6,39.9
2027-04-06,27.1,72.1,2.8,14.3
2027-04-07,29.9,66.9,8.8,35.7
2027-04-08,35.2,38.3,8.8,49.9
2027-04-09,37.1,70.2,23.8,46.4
2027-04-10,18.8,99.3,10.1,18.3
2027-04-11,33.1,40.1,17.6,38.8
2027-04-12,33.6,60.6,14.4,36.1
2027-04-13,13.3,44.0,14.6,44.6
2027-04-14,32.2,74.7,12.0,32.3
2027-04-15,14.9,60.8,18.3,26.1
2027-04-16,33.6,99.5,9.2,30.2
2027-04-17,35.4,59.9,19.3,11.6
2027-04-18,17.1,98.7,14.9,29.6
2027-04-19,13.8,63.7,17.2,41.6
2027-04-20,31.0,73.5,2.9,27.0
2027-04-21,15.6,52.2,9.0,13.7
2027-04-22,17.2,86.2,4.3,48.1
2027-04-23,13.9,79.7,22.0,46.4
2027-04-24,31.3,92.7,3.0,45.0
2027-04-25,22.9,83.6,4.4,48.3
2027-04-26,33.0,29.7,21.0,17.2
2027-04-27,36.2,34.0,7.0,35.6
2027-04-28,25.2,54.4,19.9,20.2
2027-04-29,11.6,76.5,20.5,19.9
2027-04-30,27.8,41.7,2.7,16.6
2027-05-01,11.1,67.0,14.8,14.8
2027-05-02,14.1,96.8,14.1,9.2
2027-05-03,26.5,48.8,19.9,4.9
2027-05-04,38.6,40.3,2.7,31.7
2027-05-05,32.6,36.8,6.9,30.3
2027-05-06,29.4,29.6,21.1,19.1
2027-05-07,22.1,64.1,11.5,4.5
2027-05-08,39.9,53.1,7.0,21.0
2027-05-09,24.0,62.6,12.7,2.9
2027-05-10,33.5,91.2,20.2,25.2
2027-05-11,27.8,86.0,10.6,40.9
2027-05-12,29.5,56.4,7.0,23.7
2027-05-13,36.6,81.4,7.6,12.7
2027-05-14,20.3,23.1,15.1,41.4
2027-05-15,12.9,39.4,23.6,28.3
2027-05-16,25.1,73.3,9.7,6.6
2027-05-17,39.3,88.6,1.5,20.5
2027-05-18,11.8,80.6,10.0,32.9
2027-05-19,34.8,65.3,18.9,23.2
2027-05-20,31.5,92.6,3.3,25.4
2027-05-21,13.9,33.2,16.7,38.7
2027-05-22,21.7,75.7,2.3,3.5
2027-05-23,35.1,43.0,13.3,11.0
2027-05-24,10.4,80.3,5.4,11.6
2027-05-25,14.4,83.7,15.4,43.7
2027-05-26,13.6,79.9,7.9,36.9
2027-05-27,33.2,84.9,15.8,39.4
2027-05-28,38.8,98.5,15.2,16.9
2027-05-29,39.4,30.1,9.4,20.4
2027-05-30,24.4,33.8,1.8,16.1
2027-05-31,22.4,45.1,21.0,37.0
2027-06-01,10.2,71.5,13.5,12.1
2027-06-02,34.0,84.0,9.0,3.9
2027-06-03,23.1,66.8,15.4,22.6
2027-06-04,29.1,93.8,22.8,25.4
2027-06-05,29.4,40.5,10.2,7.7
2027-06-06,17.0,31.4,18.0,34.5
2027-06-07,22.4,29.5,2.1,7.1
2027-06-08,28.6,48.2,19.8,31.9
2027-06-09,14.5,95.2,15.4,28.2
2027-06-10,12.7,34.8,6.6,27.8
2027-06-11,28.4,87.3,13.6,10.9
2027-06-12,17.2,65.3,12.9,28.8
2027-06-13,18.5,48.9,24.9,28.2
2027-06-14,14.5,25.0,9.3,39.6
2027-06-15,28.4,30.2,10.0,13.8
2027-06-16,17.5,53.0,24.2,27.2
2027-06-17,14.4,47.0,3.5,9.8
2027-06-18,34.2,85.2,8.7,7.9
2027-06-19,15.9,90.4,15.7,38.6
2027-06-20,26.9,20.6,10.4,37.9
2027-06-21,16.9,84.0,17.0,4.3
2027-06-22,21.8,86.0,7.5,19.1
2027-06-23,33.3,36.0,19.5,19.7
